SNP,Chromosome,Position ,P.value,maf,nobs,Rsquare.of.Model.without.SNP,Rsquare.of.Model.with.SNP,FDR_Adjusted_P-values,effect
GlymaLee.06G232600.1.p,6,47173084,0.0110984044606624,0.08,75,0,0.0917708953742309,1,-0.778985507246375
UWASoyPan00276,22,126,0.0183143634218588,0.373333333333333,75,0,0.0787098721738773,1,-0.404635258358663
GlymaLee.03G045400.1.p,3,7010015,0.0238981248399655,0.0666666666666667,75,0,0.0719178082191788,1,0.75
GlymaLee.03G045500.1.p,3,7060057,0.0307638904094982,0.293333333333333,75,0,0.0655736741934728,1,-0.392367066895368
GlymaLee.03G045700.1.p,3,7283388,0.0411468892821753,0.24,75,0,0.0583994232155732,1,-0.394736842105265
GlymaLee.18G075700.1.p,18,8318081,0.0455141827646716,0.0933333333333334,75,0,0.0559456659376087,1,-0.567226890756302
GlymaLee.16G175200.1.p,16,38454349,0.0477326957635218,0.04,75,0,0.0547945205479452,1,-0.83333333333335
GlymaLee.18G076300.1.p,18,8428804,0.0477326957635218,0.04,75,0,0.0547945205479452,1,-0.83333333333335
UWASoyPan00202,22,273,0.0527256750149191,0.346666666666667,75,0,0.0524020988795941,1,-0.335557299843015
GlymaLee.03G045900.1.p,3,7388482,0.0797750054656359,0.253333333333333,75,0,0.0426601606756621,1,-0.331296992481203
UWASoyPan03233,22,224,0.0822650172735509,0.04,75,0,0.0419520547945209,1,-0.729166666666667
GlymaLee.03G042100.1.p,3,6157517,0.0853906989771172,0.333333333333333,75,0,0.0410958904109592,1,-0.300000000000001
GlymaLee.15G153200.1.p,15,15147600,0.0896426990007213,0.0133333333333333,75,0,0.0399851906701221,1,1.21621621621622
UWASoyPan03230,22,272,0.0896426990007234,0.0133333333333333,75,0,0.0399851906701221,1,-1.21621621621622
UWASoyPan01217,22,234,0.0992753244536076,0.12,75,0,0.0376712328767128,1,-0.416666666666667
GlymaLee.18G076600.1.p,18,8530607,0.106808989597017,0.0266666666666666,75,0,0.0360292737849506,1,-0.82191780821919
UWASoyPan04757,22,270,0.106808989597021,0.0266666666666667,75,0,0.0360292737849506,1,0.821917808219178
GlymaLee.15G199200.1.p,15,46802755,0.11073058126262,0.16,75,0,0.0352250489236791,1,-0.357142857142858
UWASoyPan01330,22,494,0.116399288054629,0.293333333333333,75,0,0.034117342982683,1,-0.283018867924528
GlymaLee.03G042000.1.p,3,6150979,0.126767685163553,0.106666666666667,75,0,0.0322403393988966,1,-0.405783582089553
GlymaLee.03G045600.1.p,3,7085900,0.14599360176479,0.0933333333333334,75,0,0.0291815356279497,1,-0.409663865546218
GlymaLee.14G022000.1.p,14,1789365,0.14599360176479,0.0933333333333334,75,0,0.0291815356279497,1,-0.409663865546218
UWASoyPan00201,22,232,0.157345455009655,0.0266666666666667,75,0,0.0275849127416024,1,-0.719178082191781
GlymaLee.20G036300.1.p,20,10992199,0.15734545500966,0.0266666666666666,75,0,0.0275849127416024,1,0.719178082191775
GlymaLee.20G036500.1.p,20,11048819,0.15734545500966,0.0266666666666666,75,0,0.0275849127416024,1,0.719178082191775
UWASoyPan00953,22,399,0.167216112057685,0.333333333333333,75,0,0.0263013698630141,1,0.24
GlymaLee.10G034600.1.p,10,3320931,0.18361499643106,0.04,75,0,0.0243531202435319,1,0.55555555555555
UWASoyPan00316,22,405,0.19154314635474,0.0666666666666667,75,0,0.0234833659491198,1,0.428571428571427
UWASoyPan01876,22,352,0.221492688609641,0.2,75,0,0.0205479452054799,1,-0.25
GlymaLee.06G230600.1.p,6,46799742,0.223464197235492,0.293333333333333,75,0,0.0203717192603209,1,0.218696397941681
UWASoyPan03194,22,548,0.230503464362736,0.133333333333333,75,0,0.019757639620654,1,-0.288461538461539
GlymaLee.16G111100.1.p,16,30967558,0.239113348513759,0.0933333333333334,75,0,0.0190370668815468,1,-0.330882352941174
GlymaLee.06G267900.1.p,6,51554381,0.243960117984921,0.04,75,0,0.018645357686453,1,-0.486111111111121
GlymaLee.06G228600.1.p,6,46476226,0.247394816309027,0.16,75,0,0.0183735594694497,1,-0.257936507936508
GlymaLee.01G088400.1.p,1,39098160,0.248341957451526,0.12,75,0,0.0182994326829938,1,0.29040404040404
UWASoyPan00022,22,958,0.255223885184364,0.0133333333333333,75,0,0.0177711958533883,1,0.810810810810811
GlymaLee.06G229500.1.p,6,46668585,0.255223885184366,0.0133333333333333,75,0,0.0177711958533875,1,-0.810810810810807
GlymaLee.16G111400.1.p,16,31003491,0.255223885184366,0.0133333333333333,75,0,0.0177711958533875,1,-0.810810810810807
GlymaLee.20G160000.1.p,20,45484513,0.255223885184366,0.0133333333333333,75,0,0.0177711958533875,1,-0.810810810810807
UWASoyPan00975,22,499,0.26834367225633,0.266666666666667,75,0,0.0168119551681198,1,-0.204545454545455
GlymaLee.16G130800.1.p,16,33636259,0.269322486888769,0.12,75,0,0.0167427701674276,1,-0.277777777777779
GlymaLee.06G230500.1.p,6,46786660,0.320171409274751,0.24,75,0,0.013538412240647,1,0.190058479532162
GlymaLee.06G228900.1.p,6,46534448,0.33657443877423,0.133333333333333,75,0,0.012644889357218,1,-0.230769230769226
UWASoyPan00670,22,177,0.34462795021982,0.0533333333333333,75,0,0.0122274744356553,1,-0.34330985915493
UWASoyPan04354,22,277,0.34462795021982,0.0533333333333333,75,0,0.0122274744356553,1,-0.34330985915493
UWASoyPan01729,22,359,0.361396387826095,0.0266666666666667,75,0,0.0113998874085195,1,-0.462328767123288
UWASoyPan03340,22,887,0.429427671258602,0.346666666666667,75,0,0.00853207457904182,1,0.135400313971743
GlymaLee.06G229100.1.p,6,46555554,0.432517606458106,0.493333333333333,75,0,0.00841793487792075,1,0.128022759601707
UWASoyPan00005,22,296,0.449982745524661,0.186666666666667,75,0,0.00779570754868342,1,-0.15807962529274
GlymaLee.07G060000.1.p,7,5946726,0.452606719685116,0.04,75,0,0.00770547945205491,1,-0.312500000000014
GlymaLee.15G199500.1.p,15,46964277,0.459511009584664,0.266666666666667,75,0,0.00747198007472039,1,-0.136363636363635
GlymaLee.13G049500.1.p,13,17537148,0.511891063309021,0.0666666666666667,75,0,0.00587084148728001,1,0.214285714285712
UWASoyPan01320,22,297,0.52040729195452,0.373333333333333,75,0,0.0056366323853938,1,0.108282674772036
GlymaLee.07G070200.1.p,7,7130614,0.536068080748777,0.0933333333333334,75,0,0.00522332220559507,1,-0.17331932773109
UWASoyPan00251,22,452,0.539447988438582,0.2,75,0,0.00513698630136994,1,0.125
GlymaLee.14G022200.1.p,14,1797051,0.542232035795041,0.0266666666666666,75,0,0.00506661662600882,1,-0.308219178082204
UWASoyPan01973,22,270,0.545021831643393,0.173333333333333,75,0,0.00499677079438421,1,0.130272952853598
GlymaLee.16G175600.1.p,16,38496432,0.545642582995297,0.12,75,0,0.004981320049814,1,-0.151515151515152
UWASoyPan01418,22,410,0.555436981650756,0.48,75,0,0.00474183350895729,1,-0.0961538461538463
UWASoyPan00427,22,933,0.559761723849353,0.106666666666667,75,0,0.00463862195869935,1,0.15391791044776
UWASoyPan00772,22,326,0.584989612902375,0.186666666666667,75,0,0.00406627955471361,1,-0.114168618266979
GlymaLee.01G030900.1.p,1,3567950,0.622549210780773,0.466666666666667,75,0,0.00330234833659482,1,-0.0803571428571428
UWASoyPan02799,22,488,0.634236505746156,0.173333333333333,75,0,0.00308474115367596,1,-0.102357320099255
UWASoyPan00155,22,591,0.635472614531684,0.28,75,0,0.00306225991157527,1,-0.0859788359788363
UWASoyPan03261,22,320,0.644235248041696,0.44,75,0,0.00290577002905801,1,0.0757575757575757
UWASoyPan03402,22,532,0.670042532345038,0.48,75,0,0.00247336377473339,1,0.0694444444444442
UWASoyPan03336,22,248,0.672648127132996,0.08,75,0,0.00243200317649372,1,-0.126811594202898
UWASoyPan04314,22,261,0.672648127132996,0.08,75,0,0.00243200317649372,1,-0.126811594202898
GlymaLee.18G081100.1.p,18,9244416,0.684314405644081,0.0266666666666666,75,0,0.00225182961155956,1,0.205479452054789
GlymaLee.03G070700.1.p,3,28015986,0.74267533217664,0.0666666666666667,75,0,0.00146771037182025,1,-0.107142857142858
UWASoyPan00043,22,467,0.742675332176642,0.0666666666666667,75,0,0.00146771037182025,1,0.107142857142857
UWASoyPan04967,22,265,0.742675332176642,0.0666666666666667,75,0,0.00146771037182025,1,0.107142857142857
UWASoyPan00326,22,266,0.746105060530229,0.293333333333333,75,0,0.00142743015578339,1,-0.0578902229845624
GlymaLee.07G059500.1.p,7,5847947,0.775160987083206,0.0133333333333333,75,0,0.00111069974083711,1,0.202702702702709
GlymaLee.07G059800.1.p,7,5914021,0.775160987083206,0.0133333333333333,75,0,0.00111069974083711,1,0.202702702702709
GlymaLee.20G036200.1.p,20,10990898,0.775160987083206,0.0133333333333333,75,0,0.00111069974083711,1,0.202702702702709
UWASoyPan05095,22,299,0.775160987083213,0.0133333333333333,75,0,0.00111069974083711,1,-0.202702702702703
GlymaLee.06G232800.1.p,6,47279730,0.787851375720395,0.386666666666667,75,0,0.000985808465630345,1,-0.0449775112443782
GlymaLee.06G229300.1.p,6,46582039,0.790141065579809,0.413333333333333,75,0,0.000964126461253989,1,-0.0439882697947205
UWASoyPan01530,22,288,0.815858613852305,0.413333333333333,75,0,0.000738159321897247,1,0.0384897360703818
UWASoyPan01253,22,473,0.817975151274767,0.24,75,0,0.000720980533525539,1,-0.0438596491228074
GlymaLee.03G070600.1.p,3,27977340,0.826862354954538,0.0533333333333333,75,0,0.000651167277638809,1,0.0792253521126725
GlymaLee.16G111300.1.p,16,30996392,0.858128176556913,0.16,75,0,0.000434877147205914,1,0.0396825396825395
UWASoyPan00725,22,576,0.858128176556913,0.16,75,0,0.000434877147205914,1,0.0396825396825395
GlymaLee.15G198600.1.p,15,46360913,0.884054284597905,0.0533333333333333,75,0,0.000289407678949805,1,-0.0528169014084519
GlymaLee.03G040000.1.p,3,5773934,0.918994812561634,0.0266666666666666,75,0,0.000140739350722563,1,-0.0513698630137043
UWASoyPan02043,22,381,0.91967719282289,0.12,75,0,0.000138370001383725,1,0.0252525252525251
UWASoyPan05312,22,248,0.932975803714747,0.186666666666667,75,0,9.62433030703425e-05,1,0.0175644028103044
GlymaLee.16G111500.1.p,16,31012672,0.955082554770218,0.0933333333333334,75,0,4.31679521125661e-05,1,-0.0157563025210052
GlymaLee.15G199300.1.p,15,46823772,0.999999999999988,0.133333333333333,75,0,0,1,3.5527136788005e-15
GlymaLee.16G175500.1.p,16,38489349,0.999999999999988,0.133333333333333,75,0,0,1,3.5527136788005e-15
GlymaLee.01G010200.1.p,1,1052502,1,0,75,NA,NA,1,NA
GlymaLee.01G010400.1.p,1,1063378,1,0,75,NA,NA,1,NA
GlymaLee.01G011700.1.p,1,1194202,1,0,75,NA,NA,1,NA
GlymaLee.01G012500.1.p,1,1261953,1,0,75,NA,NA,1,NA
GlymaLee.01G030300.1.p,1,3459549,1,0,75,NA,NA,1,NA
GlymaLee.01G030700.1.p,1,3514880,1,0,75,NA,NA,1,NA
GlymaLee.01G030800.1.p,1,3542206,1,0,75,NA,NA,1,NA
GlymaLee.01G031000.1.p,1,3587211,1,0,75,NA,NA,1,NA
GlymaLee.01G032700.1.p,1,3777483,1,0,75,NA,NA,1,NA
GlymaLee.01G033000.1.p,1,3832299,1,0,75,NA,NA,1,NA
GlymaLee.01G036000.1.p,1,4285304,1,0,75,NA,NA,1,NA
GlymaLee.01G042800.1.p,1,5563614,1,0,75,NA,NA,1,NA
GlymaLee.01G056700.1.p,1,10323026,1,0,75,NA,NA,1,NA
GlymaLee.01G088500.1.p,1,39116433,1,0,75,NA,NA,1,NA
GlymaLee.01G097800.1.p,1,44981654,1,0,75,NA,NA,1,NA
GlymaLee.01G097900.1.p,1,45063558,1,0,75,NA,NA,1,NA
GlymaLee.01G099000.1.p,1,45274788,1,0,75,NA,NA,1,NA
GlymaLee.01G099900.1.p,1,45633579,1,0,75,NA,NA,1,NA
GlymaLee.01G115200.1.p,1,50317610,1,0,75,NA,NA,1,NA
GlymaLee.01G136600.1.p,1,52655530,1,0,75,NA,NA,1,NA
GlymaLee.01G148500.1.p,1,53688369,1,0,75,NA,NA,1,NA
GlymaLee.01G148600.1.p,1,53694110,1,0,75,NA,NA,1,NA
GlymaLee.01G182700.1.p,1,56841248,1,0,75,NA,NA,1,NA
GlymaLee.02G021300.1.p,2,2167966,1,0,75,NA,NA,1,NA
GlymaLee.02G021400.1.p,2,2172118,1,0,75,NA,NA,1,NA
GlymaLee.02G021500.1.p,2,2174370,1,0,75,NA,NA,1,NA
GlymaLee.02G021600.1.p,2,2177214,1,0,75,NA,NA,1,NA
GlymaLee.02G023600.1.p,2,2377776,1,0,75,NA,NA,1,NA
GlymaLee.02G027300.1.p,2,2796431,1,0,75,NA,NA,1,NA
GlymaLee.02G027800.1.p,2,2848946,1,0,75,NA,NA,1,NA
GlymaLee.02G029800.1.p,2,3075893,1,0,75,NA,NA,1,NA
GlymaLee.02G029900.1.p,2,3079291,1,0,75,NA,NA,1,NA
GlymaLee.02G038400.1.p,2,3985481,1,0,75,NA,NA,1,NA
GlymaLee.02G100000.1.p,2,11284149,1,0,75,NA,NA,1,NA
GlymaLee.02G158100.1.p,2,35635189,1,0,75,NA,NA,1,NA
GlymaLee.02G187800.1.p,2,44845498,1,0,75,NA,NA,1,NA
GlymaLee.02G228600.1.p,2,49198872,1,0,75,NA,NA,1,NA
GlymaLee.02G242900.1.p,2,50472624,1,0,75,NA,NA,1,NA
GlymaLee.02G243000.1.p,2,50483302,1,0,75,NA,NA,1,NA
GlymaLee.02G248800.1.p,2,50924912,1,0,75,NA,NA,1,NA
GlymaLee.02G248900.1.p,2,50927774,1,0,75,NA,NA,1,NA
GlymaLee.03G031000.1.p,3,4154508,1,0,75,NA,NA,1,NA
GlymaLee.03G032400.1.p,3,4435347,1,0,75,NA,NA,1,NA
GlymaLee.03G032600.1.p,3,4462063,1,0,75,NA,NA,1,NA
GlymaLee.03G032800.1.p,3,4486697,1,0,75,NA,NA,1,NA
GlymaLee.03G032900.1.p,3,4505695,1,0,75,NA,NA,1,NA
GlymaLee.03G033000.1.p,3,4558277,1,0,75,NA,NA,1,NA
GlymaLee.03G034100.1.p,3,4810603,1,0,75,NA,NA,1,NA
GlymaLee.03G034300.1.p,3,4840460,1,0,75,NA,NA,1,NA
GlymaLee.03G037200.1.p,3,5451110,1,0,75,NA,NA,1,NA
GlymaLee.03G037400.1.p,3,5465533,1,0,75,NA,NA,1,NA
GlymaLee.03G037600.1.p,3,5480531,1,0,75,NA,NA,1,NA
GlymaLee.03G037800.1.p,3,5503441,1,0,75,NA,NA,1,NA
GlymaLee.03G037900.1.p,3,5537134,1,0,75,NA,NA,1,NA
GlymaLee.03G038100.1.p,3,5563744,1,0,75,NA,NA,1,NA
GlymaLee.03G038300.1.p,3,5588253,1,0,75,NA,NA,1,NA
GlymaLee.03G038500.1.p,3,5611702,1,0,75,NA,NA,1,NA
GlymaLee.03G038800.1.p,3,5637678,1,0,75,NA,NA,1,NA
GlymaLee.03G039000.1.p,3,5651400,1,0,75,NA,NA,1,NA
GlymaLee.03G039200.1.p,3,5665320,1,0,75,NA,NA,1,NA
GlymaLee.03G039400.1.p,3,5680735,1,0,75,NA,NA,1,NA
GlymaLee.03G039500.1.p,3,5733082,1,0,75,NA,NA,1,NA
GlymaLee.03G039700.1.p,3,5751918,1,0,75,NA,NA,1,NA
GlymaLee.03G040100.1.p,3,5804238,1,0,75,NA,NA,1,NA
GlymaLee.03G040900.1.p,3,5971326,1,0,75,NA,NA,1,NA
GlymaLee.03G041400.1.p,3,6062129,1,0,75,NA,NA,1,NA
GlymaLee.03G041800.1.p,3,6104573,1,0,75,NA,NA,1,NA
GlymaLee.03G042400.1.p,3,6211283,1,0,75,NA,NA,1,NA
GlymaLee.03G042500.1.p,3,6226108,1,0,75,NA,NA,1,NA
GlymaLee.03G042700.1.p,3,6250576,1,0,75,NA,NA,1,NA
GlymaLee.03G045200.1.p,3,6929561,1,0,75,NA,NA,1,NA
GlymaLee.03G061600.1.p,3,20107010,1,0,75,NA,NA,1,NA
GlymaLee.03G061700.1.p,3,20185367,1,0,75,NA,NA,1,NA
GlymaLee.03G063600.1.p,3,20705374,1,0,75,NA,NA,1,NA
GlymaLee.03G070200.1.p,3,27843327,1,0,75,NA,NA,1,NA
GlymaLee.03G070300.1.p,3,27850455,1,0,75,NA,NA,1,NA
GlymaLee.03G106900.1.p,3,37417116,1,0,75,NA,NA,1,NA
GlymaLee.04G100300.1.p,4,12354255,1,0,75,NA,NA,1,NA
GlymaLee.04G106500.1.p,4,16155413,1,0,75,NA,NA,1,NA
GlymaLee.04G114600.1.p,4,20940413,1,0,75,NA,NA,1,NA
GlymaLee.04G180300.1.p,4,50366582,1,0,75,NA,NA,1,NA
GlymaLee.05G006600.1.p,5,674490,1,0,75,NA,NA,1,NA
GlymaLee.05G044700.1.p,5,4317947,1,0,75,NA,NA,1,NA
GlymaLee.05G074800.1.p,5,17112562,1,0,75,NA,NA,1,NA
GlymaLee.05G075000.1.p,5,17417131,1,0,75,NA,NA,1,NA
GlymaLee.05G075100.1.p,5,17431118,1,0,75,NA,NA,1,NA
GlymaLee.05G141100.1.p,5,36828213,1,0,75,NA,NA,1,NA
GlymaLee.05G141200.1.p,5,36849428,1,0,75,NA,NA,1,NA
GlymaLee.05G180500.1.p,5,40385723,1,0,75,NA,NA,1,NA
GlymaLee.06G065700.1.p,6,5804395,1,0,75,NA,NA,1,NA
GlymaLee.06G134700.1.p,6,12243059,1,0,75,NA,NA,1,NA
GlymaLee.06G154900.1.p,6,14310847,1,0,75,NA,NA,1,NA
GlymaLee.06G210500.1.p,6,39789762,1,0,75,NA,NA,1,NA
GlymaLee.06G215900.1.p,6,42620765,1,0,75,NA,NA,1,NA
GlymaLee.06G221200.1.p,6,44269195,1,0,75,NA,NA,1,NA
GlymaLee.06G222300.1.p,6,44764891,1,0,75,NA,NA,1,NA
GlymaLee.06G222400.1.p,6,44772415,1,0,75,NA,NA,1,NA
GlymaLee.06G222600.1.p,6,44799304,1,0,75,NA,NA,1,NA
GlymaLee.06G224900.1.p,6,45656875,1,0,75,NA,NA,1,NA
GlymaLee.06G225200.1.p,6,45687123,1,0,75,NA,NA,1,NA
GlymaLee.06G225500.1.p,6,45787117,1,0,75,NA,NA,1,NA
GlymaLee.06G225900.1.p,6,45819631,1,0,75,NA,NA,1,NA
GlymaLee.06G226600.1.p,6,46071900,1,0,75,NA,NA,1,NA
GlymaLee.06G226700.1.p,6,46115672,1,0,75,NA,NA,1,NA
GlymaLee.06G226900.1.p,6,46185376,1,0,75,NA,NA,1,NA
GlymaLee.06G227000.1.p,6,46209758,1,0,75,NA,NA,1,NA
GlymaLee.06G228700.1.p,6,46517229,1,0,75,NA,NA,1,NA
GlymaLee.06G228800.1.p,6,46527925,1,0,75,NA,NA,1,NA
GlymaLee.06G229600.1.p,6,46698045,1,0,75,NA,NA,1,NA
GlymaLee.06G229700.1.p,6,46699702,1,0,75,NA,NA,1,NA
GlymaLee.06G229900.1.p,6,46723582,1,0,75,NA,NA,1,NA
GlymaLee.06G230700.1.p,6,46812230,1,0,75,NA,NA,1,NA
GlymaLee.06G231000.1.p,6,46871644,1,0,75,NA,NA,1,NA
GlymaLee.06G231200.1.p,6,46893441,1,0,75,NA,NA,1,NA
GlymaLee.06G232700.1.p,6,47180056,1,0,75,NA,NA,1,NA
GlymaLee.06G233000.1.p,6,47349640,1,0,75,NA,NA,1,NA
GlymaLee.06G233100.1.p,6,47355671,1,0,75,NA,NA,1,NA
GlymaLee.06G245700.1.p,6,48987563,1,0,75,NA,NA,1,NA
GlymaLee.06G266800.1.p,6,51426995,1,0,75,NA,NA,1,NA
GlymaLee.06G267800.1.p,6,51542518,1,0,75,NA,NA,1,NA
GlymaLee.06G268000.1.p,6,51560746,1,0,75,NA,NA,1,NA
GlymaLee.06G271900.1.p,6,52031371,1,0,75,NA,NA,1,NA
GlymaLee.06G274000.1.p,6,52237703,1,0,75,NA,NA,1,NA
GlymaLee.06G276900.1.p,6,52511407,1,0,75,NA,NA,1,NA
GlymaLee.07G007100.1.p,7,590004,1,0,75,NA,NA,1,NA
GlymaLee.07G034100.1.p,7,3091885,1,0,75,NA,NA,1,NA
GlymaLee.07G058000.1.p,7,5651677,1,0,75,NA,NA,1,NA
GlymaLee.07G058200.1.p,7,5681620,1,0,75,NA,NA,1,NA
GlymaLee.07G058700.1.p,7,5732405,1,0,75,NA,NA,1,NA
GlymaLee.07G059300.1.p,7,5796034,1,0,75,NA,NA,1,NA
GlymaLee.07G059600.1.p,7,5875743,1,0,75,NA,NA,1,NA
GlymaLee.07G060100.1.p,7,5995484,1,0,75,NA,NA,1,NA
GlymaLee.07G060500.1.p,7,6058981,1,0,75,NA,NA,1,NA
GlymaLee.07G060700.1.p,7,6105953,1,0,75,NA,NA,1,NA
GlymaLee.07G060900.1.p,7,6147155,1,0,75,NA,NA,1,NA
GlymaLee.07G062700.1.p,7,6366682,1,0,75,NA,NA,1,NA
GlymaLee.07G071900.1.p,7,7359820,1,0,75,NA,NA,1,NA
GlymaLee.07G072200.1.p,7,7399371,1,0,75,NA,NA,1,NA
GlymaLee.07G109600.1.p,7,14869276,1,0,75,NA,NA,1,NA
GlymaLee.07G162300.1.p,7,37687600,1,0,75,NA,NA,1,NA
GlymaLee.07G165000.1.p,7,37986467,1,0,75,NA,NA,1,NA
GlymaLee.08G007100.1.p,8,619445,1,0,75,NA,NA,1,NA
GlymaLee.08G015100.1.p,8,1298034,1,0,75,NA,NA,1,NA
GlymaLee.08G109900.1.p,8,9311239,1,0,75,NA,NA,1,NA
GlymaLee.08G110100.1.p,8,9320987,1,0,75,NA,NA,1,NA
GlymaLee.08G114200.1.p,8,9615537,1,0,75,NA,NA,1,NA
GlymaLee.08G114400.1.p,8,9633143,1,0,75,NA,NA,1,NA
GlymaLee.08G148400.1.p,8,12617345,1,0,75,NA,NA,1,NA
GlymaLee.08G179300.1.p,8,15834035,1,0,75,NA,NA,1,NA
GlymaLee.08G237000.1.p,8,23933642,1,0,75,NA,NA,1,NA
GlymaLee.08G263100.1.p,8,42205298,1,0,75,NA,NA,1,NA
GlymaLee.08G264200.1.p,8,42343082,1,0,75,NA,NA,1,NA
GlymaLee.08G264300.1.p,8,42346170,1,0,75,NA,NA,1,NA
GlymaLee.08G264400.1.p,8,42368363,1,0,75,NA,NA,1,NA
GlymaLee.08G269300.1.p,8,43260476,1,0,75,NA,NA,1,NA
GlymaLee.08G269900.1.p,8,43317052,1,0,75,NA,NA,1,NA
GlymaLee.08G271300.1.p,8,43497064,1,0,75,NA,NA,1,NA
GlymaLee.08G273100.1.p,8,43693331,1,0,75,NA,NA,1,NA
GlymaLee.08G277900.1.p,8,44332756,1,0,75,NA,NA,1,NA
GlymaLee.08G283400.1.p,8,45036636,1,0,75,NA,NA,1,NA
GlymaLee.08G283700.1.p,8,45057607,1,0,75,NA,NA,1,NA
GlymaLee.08G284000.1.p,8,45077574,1,0,75,NA,NA,1,NA
GlymaLee.08G285100.1.p,8,45191577,1,0,75,NA,NA,1,NA
GlymaLee.08G288600.1.p,8,45508007,1,0,75,NA,NA,1,NA
GlymaLee.08G294100.1.p,8,46007944,1,0,75,NA,NA,1,NA
GlymaLee.09G019800.1.p,9,1651369,1,0,75,NA,NA,1,NA
GlymaLee.09G020100.1.p,9,1671880,1,0,75,NA,NA,1,NA
GlymaLee.09G051200.1.p,9,5198230,1,0,75,NA,NA,1,NA
GlymaLee.09G051600.1.p,9,5258643,1,0,75,NA,NA,1,NA
GlymaLee.09G067100.1.p,9,8373049,1,0,75,NA,NA,1,NA
GlymaLee.09G125700.1.p,9,39050031,1,0,75,NA,NA,1,NA
GlymaLee.09G171300.1.p,9,43917982,1,0,75,NA,NA,1,NA
GlymaLee.09G171400.1.p,9,43924932,1,0,75,NA,NA,1,NA
GlymaLee.09G172100.1.p,9,43999661,1,0,75,NA,NA,1,NA
GlymaLee.09G172900.1.p,9,44104510,1,0,75,NA,NA,1,NA
GlymaLee.09G215000.1.p,9,47871591,1,0,75,NA,NA,1,NA
GlymaLee.10G099200.1.p,10,32505353,1,0,75,NA,NA,1,NA
GlymaLee.10G152400.1.p,10,43778251,1,0,75,NA,NA,1,NA
GlymaLee.10G152500.1.p,10,43785173,1,0,75,NA,NA,1,NA
GlymaLee.10G164600.1.p,10,44845779,1,0,75,NA,NA,1,NA
GlymaLee.11G021000.1.p,11,1651680,1,0,75,NA,NA,1,NA
GlymaLee.11G054400.1.p,11,4524313,1,0,75,NA,NA,1,NA
GlymaLee.11G067000.1.p,11,5463033,1,0,75,NA,NA,1,NA
GlymaLee.11G142500.1.p,11,14623646,1,0,75,NA,NA,1,NA
GlymaLee.11G142600.1.p,11,14628450,1,0,75,NA,NA,1,NA
GlymaLee.11G154600.1.p,11,16696092,1,0,75,NA,NA,1,NA
GlymaLee.11G167500.1.p,11,18786132,1,0,75,NA,NA,1,NA
GlymaLee.11G195100.1.p,11,35545191,1,0,75,NA,NA,1,NA
GlymaLee.12G011200.1.p,12,858341,1,0,75,NA,NA,1,NA
GlymaLee.12G025100.1.p,12,1975308,1,0,75,NA,NA,1,NA
GlymaLee.12G115400.1.p,12,15171013,1,0,75,NA,NA,1,NA
GlymaLee.12G115500.1.p,12,15191230,1,0,75,NA,NA,1,NA
GlymaLee.12G115600.1.p,12,15203434,1,0,75,NA,NA,1,NA
GlymaLee.12G118000.1.p,12,16022091,1,0,75,NA,NA,1,NA
GlymaLee.12G118800.1.p,12,16326846,1,0,75,NA,NA,1,NA
GlymaLee.12G136000.1.p,12,33968631,1,0,75,NA,NA,1,NA
GlymaLee.12G180800.1.p,12,39988123,1,0,75,NA,NA,1,NA
GlymaLee.12G186300.1.p,12,40640277,1,0,75,NA,NA,1,NA
GlymaLee.12G189000.1.p,12,40923234,1,0,75,NA,NA,1,NA
GlymaLee.12G202200.1.p,12,42436406,1,0,75,NA,NA,1,NA
GlymaLee.12G204900.1.p,12,42721983,1,0,75,NA,NA,1,NA
GlymaLee.12G205400.1.p,12,42763649,1,0,75,NA,NA,1,NA
GlymaLee.12G205500.1.p,12,42775002,1,0,75,NA,NA,1,NA
GlymaLee.12G205800.1.p,12,42800191,1,0,75,NA,NA,1,NA
GlymaLee.13G009700.1.p,13,6034296,1,0,75,NA,NA,1,NA
GlymaLee.13G046600.1.p,13,16787959,1,0,75,NA,NA,1,NA
GlymaLee.13G046900.1.p,13,16816579,1,0,75,NA,NA,1,NA
GlymaLee.13G051000.1.p,13,17924849,1,0,75,NA,NA,1,NA
GlymaLee.13G062500.1.p,13,20269001,1,0,75,NA,NA,1,NA
GlymaLee.13G151400.1.p,13,30002134,1,0,75,NA,NA,1,NA
GlymaLee.13G151600.1.p,13,30017833,1,0,75,NA,NA,1,NA
GlymaLee.13G154300.1.p,13,30326779,1,0,75,NA,NA,1,NA
GlymaLee.13G154600.1.p,13,30359315,1,0,75,NA,NA,1,NA
GlymaLee.13G156000.1.p,13,30510367,1,0,75,NA,NA,1,NA
GlymaLee.13G156400.1.p,13,30544632,1,0,75,NA,NA,1,NA
GlymaLee.13G156500.1.p,13,30559549,1,0,75,NA,NA,1,NA
GlymaLee.13G156700.1.p,13,30582610,1,0,75,NA,NA,1,NA
GlymaLee.13G157700.1.p,13,30689946,1,0,75,NA,NA,1,NA
GlymaLee.13G158500.1.p,13,30802411,1,0,75,NA,NA,1,NA
GlymaLee.13G158700.1.p,13,30820793,1,0,75,NA,NA,1,NA
GlymaLee.13G159400.1.p,13,30885312,1,0,75,NA,NA,1,NA
GlymaLee.13G159800.1.p,13,30923608,1,0,75,NA,NA,1,NA
GlymaLee.13G159900.1.p,13,30939635,1,0,75,NA,NA,1,NA
GlymaLee.13G160000.1.p,13,30953734,1,0,75,NA,NA,1,NA
GlymaLee.13G160100.1.p,13,30973637,1,0,75,NA,NA,1,NA
GlymaLee.13G160200.1.p,13,31003814,1,0,75,NA,NA,1,NA
GlymaLee.13G160300.1.p,13,31013237,1,0,75,NA,NA,1,NA
GlymaLee.13G160800.1.p,13,31078141,1,0,75,NA,NA,1,NA
GlymaLee.13G206400.1.p,13,35462559,1,0,75,NA,NA,1,NA
GlymaLee.13G222600.1.p,13,36742946,1,0,75,NA,NA,1,NA
GlymaLee.13G222900.1.p,13,36760681,1,0,75,NA,NA,1,NA
GlymaLee.13G239800.1.p,13,38408483,1,0,75,NA,NA,1,NA
GlymaLee.14G008300.1.p,14,684555,1,0,75,NA,NA,1,NA
GlymaLee.14G022100.1.p,14,1792694,1,0,75,NA,NA,1,NA
GlymaLee.14G042600.1.p,14,3858091,1,0,75,NA,NA,1,NA
GlymaLee.14G070300.1.p,14,6837075,1,0,75,NA,NA,1,NA
GlymaLee.14G070400.1.p,14,6844059,1,0,75,NA,NA,1,NA
GlymaLee.14G119100.1.p,14,29127999,1,0,75,NA,NA,1,NA
GlymaLee.14G149700.1.p,14,47420400,1,0,75,NA,NA,1,NA
GlymaLee.14G161100.1.p,14,48754941,1,0,75,NA,NA,1,NA
GlymaLee.14G165700.1.p,14,49271082,1,0,75,NA,NA,1,NA
GlymaLee.14G165800.1.p,14,49290633,1,0,75,NA,NA,1,NA
GlymaLee.14G165900.1.p,14,49308554,1,0,75,NA,NA,1,NA
GlymaLee.14G166100.1.p,14,49335508,1,0,75,NA,NA,1,NA
GlymaLee.14G166400.1.p,14,49370087,1,0,75,NA,NA,1,NA
GlymaLee.14G167500.1.p,14,49516669,1,0,75,NA,NA,1,NA
GlymaLee.14G168000.1.p,14,49540249,1,0,75,NA,NA,1,NA
GlymaLee.15G023400.1.p,15,2063130,1,0,75,NA,NA,1,NA
GlymaLee.15G066600.1.p,15,5479857,1,0,75,NA,NA,1,NA
GlymaLee.15G117600.1.p,15,10039922,1,0,75,NA,NA,1,NA
GlymaLee.15G118900.1.p,15,10154154,1,0,75,NA,NA,1,NA
GlymaLee.15G119000.1.p,15,10164829,1,0,75,NA,NA,1,NA
GlymaLee.15G139800.1.p,15,12741336,1,0,75,NA,NA,1,NA
GlymaLee.15G139900.1.p,15,12749474,1,0,75,NA,NA,1,NA
GlymaLee.15G146800.1.p,15,13819653,1,0,75,NA,NA,1,NA
GlymaLee.15G168400.1.p,15,19621667,1,0,75,NA,NA,1,NA
GlymaLee.15G195000.1.p,15,44317633,1,0,75,NA,NA,1,NA
GlymaLee.15G195300.1.p,15,44475193,1,0,75,NA,NA,1,NA
GlymaLee.15G198700.1.p,15,46369703,1,0,75,NA,NA,1,NA
GlymaLee.15G198800.1.p,15,46378414,1,0,75,NA,NA,1,NA
GlymaLee.15G199000.1.p,15,46557742,1,0,75,NA,NA,1,NA
GlymaLee.15G199700.1.p,15,47014727,1,0,75,NA,NA,1,NA
GlymaLee.15G200300.1.p,15,47181737,1,0,75,NA,NA,1,NA
GlymaLee.15G200400.1.p,15,47204967,1,0,75,NA,NA,1,NA
GlymaLee.15G200500.1.p,15,47217138,1,0,75,NA,NA,1,NA
GlymaLee.15G209600.1.p,15,50909354,1,0,75,NA,NA,1,NA
GlymaLee.15G209700.1.p,15,50943013,1,0,75,NA,NA,1,NA
GlymaLee.16G005100.1.p,16,516520,1,0,75,NA,NA,1,NA
GlymaLee.16G028200.1.p,16,2995675,1,0,75,NA,NA,1,NA
GlymaLee.16G028300.1.p,16,3021693,1,0,75,NA,NA,1,NA
GlymaLee.16G030300.1.p,16,3208588,1,0,75,NA,NA,1,NA
GlymaLee.16G070100.1.p,16,8218772,1,0,75,NA,NA,1,NA
GlymaLee.16G074200.1.p,16,10068645,1,0,75,NA,NA,1,NA
GlymaLee.16G074500.1.p,16,10085550,1,0,75,NA,NA,1,NA
GlymaLee.16G074700.1.p,16,10096732,1,0,75,NA,NA,1,NA
GlymaLee.16G075000.1.p,16,10287565,1,0,75,NA,NA,1,NA
GlymaLee.16G075200.1.p,16,10446071,1,0,75,NA,NA,1,NA
GlymaLee.16G075300.1.p,16,10595325,1,0,75,NA,NA,1,NA
GlymaLee.16G075400.1.p,16,10631466,1,0,75,NA,NA,1,NA
GlymaLee.16G075600.1.p,16,10739381,1,0,75,NA,NA,1,NA
GlymaLee.16G098200.1.p,16,28080819,1,0,75,NA,NA,1,NA
GlymaLee.16G104500.1.p,16,29676141,1,0,75,NA,NA,1,NA
GlymaLee.16G110700.1.p,16,30942421,1,0,75,NA,NA,1,NA
GlymaLee.16G111800.1.p,16,31038684,1,0,75,NA,NA,1,NA
GlymaLee.16G111900.1.p,16,31098697,1,0,75,NA,NA,1,NA
GlymaLee.16G112000.1.p,16,31106993,1,0,75,NA,NA,1,NA
GlymaLee.16G112100.1.p,16,31118241,1,0,75,NA,NA,1,NA
GlymaLee.16G112200.1.p,16,31151865,1,0,75,NA,NA,1,NA
GlymaLee.16G120500.1.p,16,32541641,1,0,75,NA,NA,1,NA
GlymaLee.16G130700.1.p,16,33631317,1,0,75,NA,NA,1,NA
GlymaLee.16G130900.1.p,16,33646165,1,0,75,NA,NA,1,NA
GlymaLee.16G131000.1.p,16,33660472,1,0,75,NA,NA,1,NA
GlymaLee.16G131100.1.p,16,33666467,1,0,75,NA,NA,1,NA
GlymaLee.16G131200.1.p,16,33672537,1,0,75,NA,NA,1,NA
GlymaLee.16G131300.1.p,16,33674918,1,0,75,NA,NA,1,NA
GlymaLee.16G131400.1.p,16,33681583,1,0,75,NA,NA,1,NA
GlymaLee.16G160900.1.p,16,37287982,1,0,75,NA,NA,1,NA
GlymaLee.16G170500.1.p,16,38117825,1,0,75,NA,NA,1,NA
GlymaLee.16G172000.1.p,16,38246739,1,0,75,NA,NA,1,NA
GlymaLee.16G172200.1.p,16,38260624,1,0,75,NA,NA,1,NA
GlymaLee.16G172700.1.p,16,38308832,1,0,75,NA,NA,1,NA
GlymaLee.16G173600.1.p,16,38342860,1,0,75,NA,NA,1,NA
GlymaLee.16G174900.1.p,16,38440887,1,0,75,NA,NA,1,NA
GlymaLee.16G175100.1.p,16,38454532,1,0,75,NA,NA,1,NA
GlymaLee.16G175400.1.p,16,38469347,1,0,75,NA,NA,1,NA
GlymaLee.16G175900.1.p,16,38505422,1,0,75,NA,NA,1,NA
GlymaLee.16G176100.1.p,16,38515515,1,0,75,NA,NA,1,NA
GlymaLee.16G176300.1.p,16,38530475,1,0,75,NA,NA,1,NA
GlymaLee.16G176400.1.p,16,38536574,1,0,75,NA,NA,1,NA
GlymaLee.16G176500.1.p,16,38555385,1,0,75,NA,NA,1,NA
GlymaLee.16G176600.1.p,16,38559905,1,0,75,NA,NA,1,NA
GlymaLee.16G176700.1.p,16,38562059,1,0,75,NA,NA,1,NA
GlymaLee.16G176800.1.p,16,38572706,1,0,75,NA,NA,1,NA
GlymaLee.17G162400.1.p,17,20167904,1,0,75,NA,NA,1,NA
GlymaLee.17G162500.1.p,17,20228508,1,0,75,NA,NA,1,NA
GlymaLee.17G162600.1.p,17,20543643,1,0,75,NA,NA,1,NA
GlymaLee.17G162900.1.p,17,20631792,1,0,75,NA,NA,1,NA
GlymaLee.17G163000.1.p,17,20739767,1,0,75,NA,NA,1,NA
GlymaLee.17G163100.1.p,17,20922298,1,0,75,NA,NA,1,NA
GlymaLee.17G214800.1.p,17,41511226,1,0,75,NA,NA,1,NA
GlymaLee.17G214900.1.p,17,41517999,1,0,75,NA,NA,1,NA
GlymaLee.18G070200.1.p,18,7519212,1,0,75,NA,NA,1,NA
GlymaLee.18G073900.1.p,18,8053397,1,0,75,NA,NA,1,NA
GlymaLee.18G074000.1.p,18,8081161,1,0,75,NA,NA,1,NA
GlymaLee.18G075500.1.p,18,8282205,1,0,75,NA,NA,1,NA
GlymaLee.18G075800.1.p,18,8358517,1,0,75,NA,NA,1,NA
GlymaLee.18G075900.1.p,18,8369951,1,0,75,NA,NA,1,NA
GlymaLee.18G076200.1.p,18,8414743,1,0,75,NA,NA,1,NA
GlymaLee.18G076500.1.p,18,8487373,1,0,75,NA,NA,1,NA
GlymaLee.18G076800.1.p,18,8568492,1,0,75,NA,NA,1,NA
GlymaLee.18G080600.1.p,18,9119027,1,0,75,NA,NA,1,NA
GlymaLee.18G080800.1.p,18,9132164,1,0,75,NA,NA,1,NA
GlymaLee.18G080900.1.p,18,9200912,1,0,75,NA,NA,1,NA
GlymaLee.18G081000.1.p,18,9207899,1,0,75,NA,NA,1,NA
GlymaLee.18G081200.1.p,18,9377564,1,0,75,NA,NA,1,NA
GlymaLee.18G085100.1.p,18,10191757,1,0,75,NA,NA,1,NA
GlymaLee.18G089200.1.p,18,11557053,1,0,75,NA,NA,1,NA
GlymaLee.18G097300.1.p,18,14178476,1,0,75,NA,NA,1,NA
GlymaLee.18G098100.1.p,18,14463037,1,0,75,NA,NA,1,NA
GlymaLee.18G104200.1.p,18,17213420,1,0,75,NA,NA,1,NA
GlymaLee.18G104300.1.p,18,17215907,1,0,75,NA,NA,1,NA
GlymaLee.18G104400.1.p,18,17220440,1,0,75,NA,NA,1,NA
GlymaLee.18G144600.1.p,18,48153662,1,0,75,NA,NA,1,NA
GlymaLee.18G174700.1.p,18,53641995,1,0,75,NA,NA,1,NA
GlymaLee.18G175100.1.p,18,53683880,1,0,75,NA,NA,1,NA
GlymaLee.18G175400.1.p,18,53767372,1,0,75,NA,NA,1,NA
GlymaLee.18G214700.1.p,18,57766372,1,0,75,NA,NA,1,NA
GlymaLee.18G224000.1.p,18,58536683,1,0,75,NA,NA,1,NA
GlymaLee.18G224100.1.p,18,58545198,1,0,75,NA,NA,1,NA
GlymaLee.18G225400.1.p,18,58659934,1,0,75,NA,NA,1,NA
GlymaLee.18G225500.1.p,18,58671308,1,0,75,NA,NA,1,NA
GlymaLee.18G225600.1.p,18,58689333,1,0,75,NA,NA,1,NA
GlymaLee.18G226800.1.p,18,58831089,1,0,75,NA,NA,1,NA
GlymaLee.18G226900.1.p,18,58839992,1,0,75,NA,NA,1,NA
GlymaLee.18G227000.1.p,18,58850534,1,0,75,NA,NA,1,NA
GlymaLee.18G230900.1.p,18,59157190,1,0,75,NA,NA,1,NA
GlymaLee.18G231000.1.p,18,59160283,1,0,75,NA,NA,1,NA
GlymaLee.19G020100.1.p,19,2598576,1,0,75,NA,NA,1,NA
GlymaLee.19G044900.1.p,19,9293330,1,0,75,NA,NA,1,NA
GlymaLee.19G045000.1.p,19,9329028,1,0,75,NA,NA,1,NA
GlymaLee.19G045100.1.p,19,9383562,1,0,75,NA,NA,1,NA
GlymaLee.19G064800.1.p,19,32138111,1,0,75,NA,NA,1,NA
GlymaLee.19G082300.1.p,19,37919939,1,0,75,NA,NA,1,NA
GlymaLee.19G102100.1.p,19,40909598,1,0,75,NA,NA,1,NA
GlymaLee.19G104400.1.p,19,41176240,1,0,75,NA,NA,1,NA
GlymaLee.19G105400.1.p,19,41296502,1,0,75,NA,NA,1,NA
GlymaLee.19G105500.1.p,19,41297779,1,0,75,NA,NA,1,NA
GlymaLee.19G105600.1.p,19,41319036,1,0,75,NA,NA,1,NA
GlymaLee.19G105700.1.p,19,41330334,1,0,75,NA,NA,1,NA
GlymaLee.19G105800.1.p,19,41351425,1,0,75,NA,NA,1,NA
GlymaLee.19G106900.1.p,19,41476747,1,0,75,NA,NA,1,NA
GlymaLee.19G107000.1.p,19,41492664,1,0,75,NA,NA,1,NA
GlymaLee.19G108800.1.p,19,41703233,1,0,75,NA,NA,1,NA
GlymaLee.19G108900.1.p,19,41716789,1,0,75,NA,NA,1,NA
GlymaLee.19G109100.1.p,19,41739366,1,0,75,NA,NA,1,NA
GlymaLee.19G109300.1.p,19,41768435,1,0,75,NA,NA,1,NA
GlymaLee.20G016500.1.p,20,2138049,1,0,75,NA,NA,1,NA
GlymaLee.20G030500.1.p,20,7464752,1,0,75,NA,NA,1,NA
GlymaLee.20G030600.1.p,20,7473942,1,0,75,NA,NA,1,NA
GlymaLee.20G031400.1.p,20,7843068,1,0,75,NA,NA,1,NA
GlymaLee.20G031500.1.p,20,7903128,1,0,75,NA,NA,1,NA
GlymaLee.20G033100.1.p,20,8688047,1,0,75,NA,NA,1,NA
GlymaLee.20G033300.1.p,20,8796485,1,0,75,NA,NA,1,NA
GlymaLee.20G033400.1.p,20,8816283,1,0,75,NA,NA,1,NA
GlymaLee.20G035000.1.p,20,9726307,1,0,75,NA,NA,1,NA
GlymaLee.20G043600.1.p,20,20416633,1,0,75,NA,NA,1,NA
GlymaLee.20G157800.1.p,20,45326607,1,0,75,NA,NA,1,NA
GlymaLee.20G158000.1.p,20,45342653,1,0,75,NA,NA,1,NA
GlymaLee.20G170000.1.p,20,46391943,1,0,75,NA,NA,1,NA
GlymaLee.20G170300.1.p,20,46396297,1,0,75,NA,NA,1,NA
GlymaLee.20G170400.1.p,20,46397208,1,0,75,NA,NA,1,NA
UWASoyPan00542,22,1252,1,0,75,NA,NA,1,NA
UWASoyPan02496,22,266,1,0.333333333333333,75,0,0,1,0
UWASoyPan04211,22,750,1,0,75,NA,NA,1,NA
UWASoyPan04912,22,188,1,0,75,NA,NA,1,NA
