Taxa,BLUE.x,NA.,NA..1,X0,NA..2,BLUE.y,Prediction,Pred_Heritable
AB-01,1.53746950131222,NA,NA,0,NA,1.53746950131222,1.53746950131222,1.53746950131222
AB-02,1.45100652332598,NA,NA,0,NA,1.45100652332598,1.45100652332598,1.45100652332598
BR-01,2.47029707471455,NA,NA,0,NA,2.47029707471455,2.47029707471455,2.47029707471455
BR-02,2.40934524925264,NA,NA,0,NA,2.40934524925264,2.40934524925264,2.40934524925264
BR-03,2.53993263522266,NA,NA,0,NA,2.53993263522266,2.53993263522266,2.53993263522266
BR-04,2.63713040389048,NA,NA,0,NA,2.63713040389048,2.63713040389048,2.63713040389048
BR-05,2.70607895575885,NA,NA,0,NA,2.70607895575885,2.70607895575885,2.70607895575885
BR-06,1.98615172481135,NA,NA,0,NA,1.98615172481135,1.98615172481135,1.98615172481135
BR-07,2.34079761183501,NA,NA,0,NA,2.34079761183501,2.34079761183501,2.34079761183501
BR-08,2.16670716222015,NA,NA,0,NA,2.16670716222015,2.16670716222015,2.16670716222015
BR-09,2.3762205125406,NA,NA,0,NA,2.3762205125406,2.3762205125406,2.3762205125406
BR-10,2.48059399120649,NA,NA,0,NA,2.48059399120649,2.48059399120649,2.48059399120649
BR-11,2.32003263739551,NA,NA,0,NA,2.32003263739551,2.32003263739551,2.32003263739551
BR-12,2.43246045312672,NA,NA,0,NA,2.43246045312672,2.43246045312672,2.43246045312672
BR-13,2.31266390897184,NA,NA,0,NA,2.31266390897184,2.31266390897184,2.31266390897184
BR-14,2.4235262678607,NA,NA,0,NA,2.4235262678607,2.4235262678607,2.4235262678607
BR-15,2.45558940621215,NA,NA,0,NA,2.45558940621215,2.45558940621215,2.45558940621215
BR-16,2.55333866981259,NA,NA,0,NA,2.55333866981259,2.55333866981259,2.55333866981259
BR-17,2.38867241539635,NA,NA,0,NA,2.38867241539635,2.38867241539635,2.38867241539635
BR-18,3.02106050899209,NA,NA,0,NA,3.02106050899209,3.02106050899209,3.02106050899209
BR-20,2.66879941964002,NA,NA,0,NA,2.66879941964002,2.66879941964002,2.66879941964002
BR-23,2.84512581348619,NA,NA,0,NA,2.84512581348619,2.84512581348619,2.84512581348619
BR-24,2.78501953301405,NA,NA,0,NA,2.78501953301405,2.78501953301405,2.78501953301405
BR-29,2.40521231293412,NA,NA,0,NA,2.40521231293412,2.40521231293412,2.40521231293412
BR-30,2.18679149949587,NA,NA,0,NA,2.18679149949587,2.18679149949587,2.18679149949587
BR-32,2.36893053577259,NA,NA,0,NA,2.36893053577259,2.36893053577259,2.36893053577259
DT2000,2.36175190686215,NA,NA,0,NA,2.36175190686215,2.36175190686215,2.36175190686215
ESS,2.84778577922201,NA,NA,0,NA,2.84778577922201,2.84778577922201,2.84778577922201
For,2.62424295819188,NA,NA,0,NA,2.62424295819188,2.62424295819188,2.62424295819188
HN001,2.81661126051409,NA,NA,0,NA,2.81661126051409,2.81661126051409,2.81661126051409
HN002,1.77896636389098,NA,NA,0,NA,1.77896636389098,1.77896636389098,1.77896636389098
HN003,1.61907939189317,NA,NA,0,NA,1.61907939189317,1.61907939189317,1.61907939189317
HN004,1.76710244135667,NA,NA,0,NA,1.76710244135667,1.76710244135667,1.76710244135667
HN005,1.86346141588152,NA,NA,0,NA,1.86346141588152,1.86346141588152,1.86346141588152
HN006,1.84910156634746,NA,NA,0,NA,1.84910156634746,1.84910156634746,1.84910156634746
HN007,1.65130579430896,NA,NA,0,NA,1.65130579430896,1.65130579430896,1.65130579430896
HN008,1.26106821206787,NA,NA,0,NA,1.26106821206787,1.26106821206787,1.26106821206787
HN009,2.13998649735319,NA,NA,0,NA,2.13998649735319,2.13998649735319,2.13998649735319
HN010,1.88204211785468,NA,NA,0,NA,1.88204211785468,1.88204211785468,1.88204211785468
HN011,2.30167034051472,NA,NA,0,NA,2.30167034051472,2.30167034051472,2.30167034051472
HN012,1.3560733657563,NA,NA,0,NA,1.3560733657563,1.3560733657563,1.3560733657563
HN013,2.74132556690486,NA,NA,0,NA,2.74132556690486,2.74132556690486,2.74132556690486
HN015,1.30863120439345,NA,NA,0,NA,1.30863120439345,1.30863120439345,1.30863120439345
HN016B,1.41685600225418,NA,NA,0,NA,1.41685600225418,1.41685600225418,1.41685600225418
HN017B,1.7333292031785,NA,NA,0,NA,1.7333292031785,1.7333292031785,1.7333292031785
HN018,1.70472492367278,NA,NA,0,NA,1.70472492367278,1.70472492367278,1.70472492367278
HN019,1.75653062957809,NA,NA,0,NA,1.75653062957809,1.75653062957809,1.75653062957809
HN021,1.88186492117342,NA,NA,0,NA,1.88186492117342,1.88186492117342,1.88186492117342
HN022,1.30746822216091,NA,NA,0,NA,1.30746822216091,1.30746822216091,1.30746822216091
HN023,1.76015383872911,NA,NA,0,NA,1.76015383872911,1.76015383872911,1.76015383872911
HN024,1.99005104401245,NA,NA,0,NA,1.99005104401245,1.99005104401245,1.99005104401245
HN025,1.13182185089904,NA,NA,0,NA,1.13182185089904,1.13182185089904,1.13182185089904
HN026,1.73863806324354,NA,NA,0,NA,1.73863806324354,1.73863806324354,1.73863806324354
HN027,2.80696976514055,NA,NA,0,NA,2.80696976514055,2.80696976514055,2.80696976514055
HN028,2.83565301068849,NA,NA,0,NA,2.83565301068849,2.83565301068849,2.83565301068849
HN029,2.96838937788502,NA,NA,0,NA,2.96838937788502,2.96838937788502,2.96838937788502
HN030,2.97391098779555,NA,NA,0,NA,2.97391098779555,2.97391098779555,2.97391098779555
HN031,1.56143845190908,NA,NA,0,NA,1.56143845190908,1.56143845190908,1.56143845190908
HN032,1.44462472569086,NA,NA,0,NA,1.44462472569086,1.44462472569086,1.44462472569086
HN033,2.20929741198982,NA,NA,0,NA,2.20929741198982,2.20929741198982,2.20929741198982
HN034,1.75741821199602,NA,NA,0,NA,1.75741821199602,1.75741821199602,1.75741821199602
HN035,1.92475916810785,NA,NA,0,NA,1.92475916810785,1.92475916810785,1.92475916810785
HN036,1.89644991896801,NA,NA,0,NA,1.89644991896801,1.89644991896801,1.89644991896801
HN037,1.82718323316207,NA,NA,0,NA,1.82718323316207,1.82718323316207,1.82718323316207
HN038,1.92268190992338,NA,NA,0,NA,1.92268190992338,1.92268190992338,1.92268190992338
HN039,1.14620061783402,NA,NA,0,NA,1.14620061783402,1.14620061783402,1.14620061783402
HN040,-0.483358262101069,NA,NA,0,NA,-0.483358262101069,-0.483358262101069,-0.483358262101069
HN041,1.98603443703436,NA,NA,0,NA,1.98603443703436,1.98603443703436,1.98603443703436
HN042,2.01749543889552,NA,NA,0,NA,2.01749543889552,2.01749543889552,2.01749543889552
HN043,1.99171344398004,NA,NA,0,NA,1.99171344398004,1.99171344398004,1.99171344398004
HN044,1.99866278154632,NA,NA,0,NA,1.99866278154632,1.99866278154632,1.99866278154632
HN045,-0.376393375718029,NA,NA,0,NA,-0.376393375718029,-0.376393375718029,-0.376393375718029
HN046,-0.725625356693241,NA,NA,0,NA,-0.725625356693241,-0.725625356693241,-0.725625356693241
HN047,1.69426197337933,NA,NA,0,NA,1.69426197337933,1.69426197337933,1.69426197337933
HN048,1.61427778860134,NA,NA,0,NA,1.61427778860134,1.61427778860134,1.61427778860134
HN049,2.06325261569062,NA,NA,0,NA,2.06325261569062,2.06325261569062,2.06325261569062
HN050,1.91063292515571,NA,NA,0,NA,1.91063292515571,1.91063292515571,1.91063292515571
HN051,0.755396923532101,NA,NA,0,NA,0.755396923532101,0.755396923532101,0.755396923532101
HN052,-0.679841625309516,NA,NA,0,NA,-0.679841625309516,-0.679841625309516,-0.679841625309516
HN053,-0.742179672903828,NA,NA,0,NA,-0.742179672903828,-0.742179672903828,-0.742179672903828
HN054,2.86825087269079,NA,NA,0,NA,2.86825087269079,2.86825087269079,2.86825087269079
HN055,1.83717034139152,NA,NA,0,NA,1.83717034139152,1.83717034139152,1.83717034139152
HN056,2.76904103225631,NA,NA,0,NA,2.76904103225631,2.76904103225631,2.76904103225631
HN057,2.82885832273594,NA,NA,0,NA,2.82885832273594,2.82885832273594,2.82885832273594
HN058,1.87250150041882,NA,NA,0,NA,1.87250150041882,1.87250150041882,1.87250150041882
HN059,2.65944934363883,NA,NA,0,NA,2.65944934363883,2.65944934363883,2.65944934363883
HN060,1.77885773532088,NA,NA,0,NA,1.77885773532088,1.77885773532088,1.77885773532088
HN061,2.5485901360741,NA,NA,0,NA,2.5485901360741,2.5485901360741,2.5485901360741
HN062,2.97477807062568,NA,NA,0,NA,2.97477807062568,2.97477807062568,2.97477807062568
HN063,-0.349206368464841,NA,NA,0,NA,-0.349206368464841,-0.349206368464841,-0.349206368464841
HN064,2.63765616711164,NA,NA,0,NA,2.63765616711164,2.63765616711164,2.63765616711164
HN065,3.03341439571835,NA,NA,0,NA,3.03341439571835,3.03341439571835,3.03341439571835
HN066,3.09947756873602,NA,NA,0,NA,3.09947756873602,3.09947756873602,3.09947756873602
HN067,2.0494203052972,NA,NA,0,NA,2.0494203052972,2.0494203052972,2.0494203052972
HN068,1.82844374093993,NA,NA,0,NA,1.82844374093993,1.82844374093993,1.82844374093993
HN069,1.6178671970302,NA,NA,0,NA,1.6178671970302,1.6178671970302,1.6178671970302
HN070,2.75060316616226,NA,NA,0,NA,2.75060316616226,2.75060316616226,2.75060316616226
HN071,2.43180792422144,NA,NA,0,NA,2.43180792422144,2.43180792422144,2.43180792422144
HN072,1.61202096344724,NA,NA,0,NA,1.61202096344724,1.61202096344724,1.61202096344724
HN073,3.01140882276857,NA,NA,0,NA,3.01140882276857,3.01140882276857,3.01140882276857
HN074,2.04876450189816,NA,NA,0,NA,2.04876450189816,2.04876450189816,2.04876450189816
HN075,1.38251981449312,NA,NA,0,NA,1.38251981449312,1.38251981449312,1.38251981449312
HN076,1.19662807966082,NA,NA,0,NA,1.19662807966082,1.19662807966082,1.19662807966082
HN077,1.3182940605767,NA,NA,0,NA,1.3182940605767,1.3182940605767,1.3182940605767
HN078,2.02072204361936,NA,NA,0,NA,2.02072204361936,2.02072204361936,2.02072204361936
HN079,2.07092521089438,NA,NA,0,NA,2.07092521089438,2.07092521089438,2.07092521089438
HN080,2.11310892663829,NA,NA,0,NA,2.11310892663829,2.11310892663829,2.11310892663829
HN081,2.66514850835133,NA,NA,0,NA,2.66514850835133,2.66514850835133,2.66514850835133
HN082,1.89336339258818,NA,NA,0,NA,1.89336339258818,1.89336339258818,1.89336339258818
HN083,1.88463532196768,NA,NA,0,NA,1.88463532196768,1.88463532196768,1.88463532196768
HN084,1.94229811081702,NA,NA,0,NA,1.94229811081702,1.94229811081702,1.94229811081702
HN085,1.98763112152947,NA,NA,0,NA,1.98763112152947,1.98763112152947,1.98763112152947
HN086,1.89698279122837,NA,NA,0,NA,1.89698279122837,1.89698279122837,1.89698279122837
HN087,3.02302849045347,NA,NA,0,NA,3.02302849045347,3.02302849045347,3.02302849045347
HN088,3.02993477576643,NA,NA,0,NA,3.02993477576643,3.02993477576643,3.02993477576643
HN089,1.89983987859591,NA,NA,0,NA,1.89983987859591,1.89983987859591,1.89983987859591
HN090,1.8743933655691,NA,NA,0,NA,1.8743933655691,1.8743933655691,1.8743933655691
HN091,1.91480770330101,NA,NA,0,NA,1.91480770330101,1.91480770330101,1.91480770330101
HN092,1.81565550672305,NA,NA,0,NA,1.81565550672305,1.81565550672305,1.81565550672305
HN093,1.93031340343403,NA,NA,0,NA,1.93031340343403,1.93031340343403,1.93031340343403
HN094,1.943615222241,NA,NA,0,NA,1.943615222241,1.943615222241,1.943615222241
HN095,1.78225917500636,NA,NA,0,NA,1.78225917500636,1.78225917500636,1.78225917500636
HN096,1.93350992576117,NA,NA,0,NA,1.93350992576117,1.93350992576117,1.93350992576117
HN097,1.93474901351048,NA,NA,0,NA,1.93474901351048,1.93474901351048,1.93474901351048
HN098,1.96139335386425,NA,NA,0,NA,1.96139335386425,1.96139335386425,1.96139335386425
HN099,2.81967948117072,NA,NA,0,NA,2.81967948117072,2.81967948117072,2.81967948117072
HN100,2.65155198944047,NA,NA,0,NA,2.65155198944047,2.65155198944047,2.65155198944047
HN101,2.85573414425793,NA,NA,0,NA,2.85573414425793,2.85573414425793,2.85573414425793
HN104,1.82592679047133,NA,NA,0,NA,1.82592679047133,1.82592679047133,1.82592679047133
HN105,2.01620107046864,NA,NA,0,NA,2.01620107046864,2.01620107046864,2.01620107046864
HN106,1.25594806957022,NA,NA,0,NA,1.25594806957022,1.25594806957022,1.25594806957022
HN107,1.60873168466343,NA,NA,0,NA,1.60873168466343,1.60873168466343,1.60873168466343
HN108,2.01012378732049,NA,NA,0,NA,2.01012378732049,2.01012378732049,2.01012378732049
HNEX-01,2.36424234118342,NA,NA,0,NA,2.36424234118342,2.36424234118342,2.36424234118342
HNEX-02,2.7426280994241,NA,NA,0,NA,2.7426280994241,2.7426280994241,2.7426280994241
HNEX-04,2.76693768482153,NA,NA,0,NA,2.76693768482153,2.76693768482153,2.76693768482153
HNEX-06,1.87882783373161,NA,NA,0,NA,1.87882783373161,1.87882783373161,1.87882783373161
HNEX-07,1.7490064824551,NA,NA,0,NA,1.7490064824551,1.7490064824551,1.7490064824551
HNEX-08,2.92832971153061,NA,NA,0,NA,2.92832971153061,2.92832971153061,2.92832971153061
HNEX-09,2.63879174745713,NA,NA,0,NA,2.63879174745713,2.63879174745713,2.63879174745713
HNEX-10,2.65262391308443,NA,NA,0,NA,2.65262391308443,2.65262391308443,2.65262391308443
HNEX-11,2.73407961570132,NA,NA,0,NA,2.73407961570132,2.73407961570132,2.73407961570132
HNEX-13,2.76523435694991,NA,NA,0,NA,2.76523435694991,2.76523435694991,2.76523435694991
HNEX-14,2.44293008158798,NA,NA,0,NA,2.44293008158798,2.44293008158798,2.44293008158798
HNEX-16,2.82143798805313,NA,NA,0,NA,2.82143798805313,2.82143798805313,2.82143798805313
HNEX-17,2.64250856397728,NA,NA,0,NA,2.64250856397728,2.64250856397728,2.64250856397728
HNEX-18,2.42603505050314,NA,NA,0,NA,2.42603505050314,2.42603505050314,2.42603505050314
HNEX-19,2.34576004733752,NA,NA,0,NA,2.34576004733752,2.34576004733752,2.34576004733752
HNEX-20,2.61599888982799,NA,NA,0,NA,2.61599888982799,2.61599888982799,2.61599888982799
HNEX-21,2.56068000661157,NA,NA,0,NA,2.56068000661157,2.56068000661157,2.56068000661157
HNEX-23,2.71353416490699,NA,NA,0,NA,2.71353416490699,2.71353416490699,2.71353416490699
HNEX-24,2.6971539606723,NA,NA,0,NA,2.6971539606723,2.6971539606723,2.6971539606723
HNEX-25,2.76343298598153,NA,NA,0,NA,2.76343298598153,2.76343298598153,2.76343298598153
HNEX-26,2.6340761800389,NA,NA,0,NA,2.6340761800389,2.6340761800389,2.6340761800389
HNEX-27,2.96511030877066,NA,NA,0,NA,2.96511030877066,2.96511030877066,2.96511030877066
HNEX-28,2.61545716999159,NA,NA,0,NA,2.61545716999159,2.61545716999159,2.61545716999159
HNEX-29,2.90650118864464,NA,NA,0,NA,2.90650118864464,2.90650118864464,2.90650118864464
HNEX-30,2.78564897146691,NA,NA,0,NA,2.78564897146691,2.78564897146691,2.78564897146691
HNEX-32,2.73396720908831,NA,NA,0,NA,2.73396720908831,2.73396720908831,2.73396720908831
HNEX-33,2.67560501823742,NA,NA,0,NA,2.67560501823742,2.67560501823742,2.67560501823742
HNEX-34,2.5922315604495,NA,NA,0,NA,2.5922315604495,2.5922315604495,2.5922315604495
HNEX-35,2.86840781024698,NA,NA,0,NA,2.86840781024698,2.86840781024698,2.86840781024698
HNEX-36,2.92262786820007,NA,NA,0,NA,2.92262786820007,2.92262786820007,2.92262786820007
HNEX-37,2.78797067579893,NA,NA,0,NA,2.78797067579893,2.78797067579893,2.78797067579893
HNEX-38,2.81926420687364,NA,NA,0,NA,2.81926420687364,2.81926420687364,2.81926420687364
HNEX-39,2.42742137879698,NA,NA,0,NA,2.42742137879698,2.42742137879698,2.42742137879698
HNEX-40,2.53085526699469,NA,NA,0,NA,2.53085526699469,2.53085526699469,2.53085526699469
HNSM-01,1.44243001792348,NA,NA,0,NA,1.44243001792348,1.44243001792348,1.44243001792348
HNSM-02,1.77782881637625,NA,NA,0,NA,1.77782881637625,1.77782881637625,1.77782881637625
HNSM-03,1.97049172693803,NA,NA,0,NA,1.97049172693803,1.97049172693803,1.97049172693803
HNSM-04,1.70314675065119,NA,NA,0,NA,1.70314675065119,1.70314675065119,1.70314675065119
HNSM-05,1.75535950496237,NA,NA,0,NA,1.75535950496237,1.75535950496237,1.75535950496237
HNSM-06,1.93402960842776,NA,NA,0,NA,1.93402960842776,1.93402960842776,1.93402960842776
HNSM-07,2.15796263674003,NA,NA,0,NA,2.15796263674003,2.15796263674003,2.15796263674003
HNSM-08,1.97587321197564,NA,NA,0,NA,1.97587321197564,1.97587321197564,1.97587321197564
HNSM-09,2.08232259557269,NA,NA,0,NA,2.08232259557269,2.08232259557269,2.08232259557269
HNSM-10,2.00800068413304,NA,NA,0,NA,2.00800068413304,2.00800068413304,2.00800068413304
HNSM-11,2.07076606826112,NA,NA,0,NA,2.07076606826112,2.07076606826112,2.07076606826112
HNSM-12,2.04274015891335,NA,NA,0,NA,2.04274015891335,2.04274015891335,2.04274015891335
HNSM-13,1.89418849424213,NA,NA,0,NA,1.89418849424213,1.89418849424213,1.89418849424213
HNSM-14,1.89179287196235,NA,NA,0,NA,1.89179287196235,1.89179287196235,1.89179287196235
HNSM-15,1.92800356329908,NA,NA,0,NA,1.92800356329908,1.92800356329908,1.92800356329908
HNSM-16,1.67252566332322,NA,NA,0,NA,1.67252566332322,1.67252566332322,1.67252566332322
HNSM-17,1.65666671269591,NA,NA,0,NA,1.65666671269591,1.65666671269591,1.65666671269591
HNSM-18,1.60747769918157,NA,NA,0,NA,1.60747769918157,1.60747769918157,1.60747769918157
HNSM-19,2.00730538169299,NA,NA,0,NA,2.00730538169299,2.00730538169299,2.00730538169299
HNSM-20,1.81977708939566,NA,NA,0,NA,1.81977708939566,1.81977708939566,1.81977708939566
HNSM-21,1.90575706377985,NA,NA,0,NA,1.90575706377985,1.90575706377985,1.90575706377985
HNSM-22,2.16231248909393,NA,NA,0,NA,2.16231248909393,2.16231248909393,2.16231248909393
HNSM-23,2.33516107974526,NA,NA,0,NA,2.33516107974526,2.33516107974526,2.33516107974526
HNSM-24,2.66897962304912,NA,NA,0,NA,2.66897962304912,2.66897962304912,2.66897962304912
HNSM-25,2.95388554703042,NA,NA,0,NA,2.95388554703042,2.95388554703042,2.95388554703042
HNSM-26,2.99386864983121,NA,NA,0,NA,2.99386864983121,2.99386864983121,2.99386864983121
HNSM-27,-0.77831157205483,NA,NA,0,NA,-0.77831157205483,-0.77831157205483,-0.77831157205483
HNSM-28,-1.07843447284579,NA,NA,0,NA,-1.07843447284579,-1.07843447284579,-1.07843447284579
HNSM-29,-0.840227937227977,NA,NA,0,NA,-0.840227937227977,-0.840227937227977,-0.840227937227977
HNSM-30,-0.794129995069736,NA,NA,0,NA,-0.794129995069736,-0.794129995069736,-0.794129995069736
HNSM-31,-1.46004632537701,NA,NA,0,NA,-1.46004632537701,-1.46004632537701,-1.46004632537701
HNSM-32,-1.23437378616202,NA,NA,0,NA,-1.23437378616202,-1.23437378616202,-1.23437378616202
HNSM-33,-1.09038445965875,NA,NA,0,NA,-1.09038445965875,-1.09038445965875,-1.09038445965875
HNSM-34A,2.16592785927222,NA,NA,0,NA,2.16592785927222,2.16592785927222,2.16592785927222
HNSM-35a,2.15356918928816,NA,NA,0,NA,2.15356918928816,2.15356918928816,2.15356918928816
HNY-01,2.81420479376804,NA,NA,0,NA,2.81420479376804,2.81420479376804,2.81420479376804
HNY-02,2.847995144159,NA,NA,0,NA,2.847995144159,2.847995144159,2.847995144159
HNY-03,3.02034086544633,NA,NA,0,NA,3.02034086544633,3.02034086544633,3.02034086544633
HNY-04,2.71889008478755,NA,NA,0,NA,2.71889008478755,2.71889008478755,2.71889008478755
HNY-05,2.97851305440195,NA,NA,0,NA,2.97851305440195,2.97851305440195,2.97851305440195
HNY-06,2.73479616314828,NA,NA,0,NA,2.73479616314828,2.73479616314828,2.73479616314828
HNY-07,1.95540004553653,NA,NA,0,NA,1.95540004553653,1.95540004553653,1.95540004553653
HNY-08,1.89926330099615,NA,NA,0,NA,1.89926330099615,1.89926330099615,1.89926330099615
HNY-09,1.93539471730388,NA,NA,0,NA,1.93539471730388,1.93539471730388,1.93539471730388
HNY-10,1.94411192871513,NA,NA,0,NA,1.94411192871513,1.94411192871513,1.94411192871513
HNY-11,3.0341616952433,NA,NA,0,NA,3.0341616952433,3.0341616952433,3.0341616952433
HNY-12,2.45676642554796,NA,NA,0,NA,2.45676642554796,2.45676642554796,2.45676642554796
HNY-13,2.44742385056375,NA,NA,0,NA,2.44742385056375,2.44742385056375,2.44742385056375
HNY-14,-0.329407748581578,NA,NA,0,NA,-0.329407748581578,-0.329407748581578,-0.329407748581578
HNY-15,3.0075061667391,NA,NA,0,NA,3.0075061667391,3.0075061667391,3.0075061667391
HNY-16,2.92091907886348,NA,NA,0,NA,2.92091907886348,2.92091907886348,2.92091907886348
HNY-17,3.00849589694075,NA,NA,0,NA,3.00849589694075,3.00849589694075,3.00849589694075
HNY-18,2.86837024044759,NA,NA,0,NA,2.86837024044759,2.86837024044759,2.86837024044759
HNY-19,2.96627201995812,NA,NA,0,NA,2.96627201995812,2.96627201995812,2.96627201995812
HNY-20,2.72935667648354,NA,NA,0,NA,2.72935667648354,2.72935667648354,2.72935667648354
HNY-21,2.91258808803176,NA,NA,0,NA,2.91258808803176,2.91258808803176,2.91258808803176
HNY-22,3.16104321979756,NA,NA,0,NA,3.16104321979756,3.16104321979756,3.16104321979756
HNY-23,2.70506593588674,NA,NA,0,NA,2.70506593588674,2.70506593588674,2.70506593588674
HNY-24,2.75767987710297,NA,NA,0,NA,2.75767987710297,2.75767987710297,2.75767987710297
HNY-25,2.64891778506797,NA,NA,0,NA,2.64891778506797,2.64891778506797,2.64891778506797
HNY-26,2.75522716877869,NA,NA,0,NA,2.75522716877869,2.75522716877869,2.75522716877869
HNY-27,2.71680788964561,NA,NA,0,NA,2.71680788964561,2.71680788964561,2.71680788964561
HNY-28,2.98327319007133,NA,NA,0,NA,2.98327319007133,2.98327319007133,2.98327319007133
HNY-29,3.05437195413503,NA,NA,0,NA,3.05437195413503,3.05437195413503,3.05437195413503
HNY-30,2.95027742524068,NA,NA,0,NA,2.95027742524068,2.95027742524068,2.95027742524068
HNY-31,2.66195528814241,NA,NA,0,NA,2.66195528814241,2.66195528814241,2.66195528814241
HNY-32,2.67969923622132,NA,NA,0,NA,2.67969923622132,2.67969923622132,2.67969923622132
HNY-33,2.69709905120717,NA,NA,0,NA,2.69709905120717,2.69709905120717,2.69709905120717
HNY-38,3.11096090139909,NA,NA,0,NA,3.11096090139909,3.11096090139909,3.11096090139909
HNY-39,3.04140426351047,NA,NA,0,NA,3.04140426351047,3.04140426351047,3.04140426351047
HNY-40,2.99329651957775,NA,NA,0,NA,2.99329651957775,2.99329651957775,2.99329651957775
HNY-41,3.00578700606853,NA,NA,0,NA,3.00578700606853,3.00578700606853,3.00578700606853
HNY-42,1.94188365794108,NA,NA,0,NA,1.94188365794108,1.94188365794108,1.94188365794108
HNY-43,2.99214153690628,NA,NA,0,NA,2.99214153690628,2.99214153690628,2.99214153690628
HNY-44,2.57033471431843,NA,NA,0,NA,2.57033471431843,2.57033471431843,2.57033471431843
HNY-45,2.83871599998924,NA,NA,0,NA,2.83871599998924,2.83871599998924,2.83871599998924
HNY-46,2.61094825255929,NA,NA,0,NA,2.61094825255929,2.61094825255929,2.61094825255929
HNY-47,2.69121820270684,NA,NA,0,NA,2.69121820270684,2.69121820270684,2.69121820270684
HNY-48,-1.19346599708976,NA,NA,0,NA,-1.19346599708976,-1.19346599708976,-1.19346599708976
HNY-49,2.77882963227489,NA,NA,0,NA,2.77882963227489,2.77882963227489,2.77882963227489
HNY-50,-1.26952241864201,NA,NA,0,NA,-1.26952241864201,-1.26952241864201,-1.26952241864201
HNY-51,2.13331765927946,NA,NA,0,NA,2.13331765927946,2.13331765927946,2.13331765927946
HNY-52,3.0534090310071,NA,NA,0,NA,3.0534090310071,3.0534090310071,3.0534090310071
HNY-53,2.05647748596083,NA,NA,0,NA,2.05647748596083,2.05647748596083,2.05647748596083
HNY-54,1.87193358360419,NA,NA,0,NA,1.87193358360419,1.87193358360419,1.87193358360419
HNY-55,2.02760926127724,NA,NA,0,NA,2.02760926127724,2.02760926127724,2.02760926127724
HNY-56,2.46095080515981,NA,NA,0,NA,2.46095080515981,2.46095080515981,2.46095080515981
HNY-57,2.72702085759777,NA,NA,0,NA,2.72702085759777,2.72702085759777,2.72702085759777
HNY-58,2.64884192933059,NA,NA,0,NA,2.64884192933059,2.64884192933059,2.64884192933059
HNY-59,2.59264494110099,NA,NA,0,NA,2.59264494110099,2.59264494110099,2.59264494110099
PI342622A,-1.00990115961847,NA,NA,0,NA,-1.00990115961847,-1.00990115961847,-1.00990115961847
PI378683,-0.243375781296321,NA,NA,0,NA,-0.243375781296321,-0.243375781296321,-0.243375781296321
PI378684A,-0.87389234471986,NA,NA,0,NA,-0.87389234471986,-0.87389234471986,-0.87389234471986
PI378684B,-0.752011397348251,NA,NA,0,NA,-0.752011397348251,-0.752011397348251,-0.752011397348251
PI378690,0.141927600809246,NA,NA,0,NA,0.141927600809246,0.141927600809246,0.141927600809246
PI378696A,-0.332511964244741,NA,NA,0,NA,-0.332511964244741,-0.332511964244741,-0.332511964244741
PI378696B,-0.0136674763793878,NA,NA,0,NA,-0.0136674763793878,-0.0136674763793878,-0.0136674763793878
PI378698,-0.545151072629998,NA,NA,0,NA,-0.545151072629998,-0.545151072629998,-0.545151072629998
PI378699A,-0.560995021226396,NA,NA,0,NA,-0.560995021226396,-0.560995021226396,-0.560995021226396
PI407020,-0.66079562410513,NA,NA,0,NA,-0.66079562410513,-0.66079562410513,-0.66079562410513
PI407038,-0.664707572885004,NA,NA,0,NA,-0.664707572885004,-0.664707572885004,-0.664707572885004
PI407042,-0.546696595342493,NA,NA,0,NA,-0.546696595342493,-0.546696595342493,-0.546696595342493
PI407052,-1.06675856282669,NA,NA,0,NA,-1.06675856282669,-1.06675856282669,-1.06675856282669
PI407077,-0.225730577223958,NA,NA,0,NA,-0.225730577223958,-0.225730577223958,-0.225730577223958
PI407083,-0.622094559863912,NA,NA,0,NA,-0.622094559863912,-0.622094559863912,-0.622094559863912
PI407085,0.228563028853359,NA,NA,0,NA,0.228563028853359,0.228563028853359,0.228563028853359
PI407096,-0.573398835096408,NA,NA,0,NA,-0.573398835096408,-0.573398835096408,-0.573398835096408
PI407156,0.094468911957637,NA,NA,0,NA,0.094468911957637,0.094468911957637,0.094468911957637
PI407171,-0.503146310624652,NA,NA,0,NA,-0.503146310624652,-0.503146310624652,-0.503146310624652
PI407175,-0.953097698450381,NA,NA,0,NA,-0.953097698450381,-0.953097698450381,-0.953097698450381
PI407179,-0.0828639939961192,NA,NA,0,NA,-0.0828639939961192,-0.0828639939961192,-0.0828639939961192
PI407183,-0.696356545907176,NA,NA,0,NA,-0.696356545907176,-0.696356545907176,-0.696356545907176
PI407191,0.899144060644416,NA,NA,0,NA,0.899144060644416,0.899144060644416,0.899144060644416
PI407202,-0.82272796446428,NA,NA,0,NA,-0.82272796446428,-0.82272796446428,-0.82272796446428
PI407214,-0.945085835573135,NA,NA,0,NA,-0.945085835573135,-0.945085835573135,-0.945085835573135
PI407220,-0.805222558380564,NA,NA,0,NA,-0.805222558380564,-0.805222558380564,-0.805222558380564
PI407228,-0.737455769238361,NA,NA,0,NA,-0.737455769238361,-0.737455769238361,-0.737455769238361
PI407229,-0.745478089290875,NA,NA,0,NA,-0.745478089290875,-0.745478089290875,-0.745478089290875
PI407231,-0.0902039834937342,NA,NA,0,NA,-0.0902039834937342,-0.0902039834937342,-0.0902039834937342
PI407239,-0.838839076098659,NA,NA,0,NA,-0.838839076098659,-0.838839076098659,-0.838839076098659
PI407240,-0.0294787550287658,NA,NA,0,NA,-0.0294787550287658,-0.0294787550287658,-0.0294787550287658
PI407241,-0.65666360101419,NA,NA,0,NA,-0.65666360101419,-0.65666360101419,-0.65666360101419
PI407243,-0.476277344494918,NA,NA,0,NA,-0.476277344494918,-0.476277344494918,-0.476277344494918
PI407262,-0.976466237082079,NA,NA,0,NA,-0.976466237082079,-0.976466237082079,-0.976466237082079
PI407270,-0.950445542165092,NA,NA,0,NA,-0.950445542165092,-0.950445542165092,-0.950445542165092
PI407281,-1.10782989844173,NA,NA,0,NA,-1.10782989844173,-1.10782989844173,-1.10782989844173
PI407286,0.322966513568244,NA,NA,0,NA,0.322966513568244,0.322966513568244,0.322966513568244
PI407287,0.422175443792271,NA,NA,0,NA,0.422175443792271,0.422175443792271,0.422175443792271
PI407300,-0.663699970407586,NA,NA,0,NA,-0.663699970407586,-0.663699970407586,-0.663699970407586
PI407303,-1.38711873527158,NA,NA,0,NA,-1.38711873527158,-1.38711873527158,-1.38711873527158
PI407307,-0.758397823342695,NA,NA,0,NA,-0.758397823342695,-0.758397823342695,-0.758397823342695
PI407308,-1.17104141732968,NA,NA,0,NA,-1.17104141732968,-1.17104141732968,-1.17104141732968
PI407315,-0.783222179472547,NA,NA,0,NA,-0.783222179472547,-0.783222179472547,-0.783222179472547
PI407318A,-0.816252492170976,NA,NA,0,NA,-0.816252492170976,-0.816252492170976,-0.816252492170976
PI424004B,-1.12072594657988,NA,NA,0,NA,-1.12072594657988,-1.12072594657988,-1.12072594657988
PI424007,-0.949579801559375,NA,NA,0,NA,-0.949579801559375,-0.949579801559375,-0.949579801559375
PI424008A,-0.38762457417435,NA,NA,0,NA,-0.38762457417435,-0.38762457417435,-0.38762457417435
PI424014,-0.924228677597635,NA,NA,0,NA,-0.924228677597635,-0.924228677597635,-0.924228677597635
PI424025B,-1.08858099465243,NA,NA,0,NA,-1.08858099465243,-1.08858099465243,-1.08858099465243
PI424045,-0.732245469814007,NA,NA,0,NA,-0.732245469814007,-0.732245469814007,-0.732245469814007
PI424070B,-0.183970705738375,NA,NA,0,NA,-0.183970705738375,-0.183970705738375,-0.183970705738375
PI424083A,-0.909896940889463,NA,NA,0,NA,-0.909896940889463,-0.909896940889463,-0.909896940889463
PI424102A,-0.855031823633914,NA,NA,0,NA,-0.855031823633914,-0.855031823633914,-0.855031823633914
PI424107A,-0.744146644547294,NA,NA,0,NA,-0.744146644547294,-0.744146644547294,-0.744146644547294
PI447003A,-1.41244474335174,NA,NA,0,NA,-1.41244474335174,-1.41244474335174,-1.41244474335174
PI464890B,-0.759373232264836,NA,NA,0,NA,-0.759373232264836,-0.759373232264836,-0.759373232264836
PI464925B,-0.228990624597536,NA,NA,0,NA,-0.228990624597536,-0.228990624597536,-0.228990624597536
PI468918,-1.5910625753493,NA,NA,0,NA,-1.5910625753493,-1.5910625753493,-1.5910625753493
PI479746B,-1.05144724606228,NA,NA,0,NA,-1.05144724606228,-1.05144724606228,-1.05144724606228
PI479768,-1.279503236231,NA,NA,0,NA,-1.279503236231,-1.279503236231,-1.279503236231
PI483466,-0.151119327273725,NA,NA,0,NA,-0.151119327273725,-0.151119327273725,-0.151119327273725
PI507609,-0.57031481873603,NA,NA,0,NA,-0.57031481873603,-0.57031481873603,-0.57031481873603
PI507615,-0.476769280583985,NA,NA,0,NA,-0.476769280583985,-0.476769280583985,-0.476769280583985
PI507618,-0.412154259594503,NA,NA,0,NA,-0.412154259594503,-0.412154259594503,-0.412154259594503
PI507619B,-0.446838734358244,NA,NA,0,NA,-0.446838734358244,-0.446838734358244,-0.446838734358244
PI507624,0.284985739509818,NA,NA,0,NA,0.284985739509818,0.284985739509818,0.284985739509818
PI507638,-0.470408429520586,NA,NA,0,NA,-0.470408429520586,-0.470408429520586,-0.470408429520586
PI507641,-0.505704472194413,NA,NA,0,NA,-0.505704472194413,-0.505704472194413,-0.505704472194413
PI507667,-0.822414566769251,NA,NA,0,NA,-0.822414566769251,-0.822414566769251,-0.822414566769251
PI507752,-0.428615921997112,NA,NA,0,NA,-0.428615921997112,-0.428615921997112,-0.428615921997112
PI507757,0.0572063416456247,NA,NA,0,NA,0.0572063416456247,0.0572063416456247,0.0572063416456247
PI507761,-1.01980845810599,NA,NA,0,NA,-1.01980845810599,-1.01980845810599,-1.01980845810599
PI507830B,0.434647229920547,NA,NA,0,NA,0.434647229920547,0.434647229920547,0.434647229920547
PI507847,-1.02765556979696,NA,NA,0,NA,-1.02765556979696,-1.02765556979696,-1.02765556979696
PI522209B,-0.787043172138166,NA,NA,0,NA,-0.787043172138166,-0.787043172138166,-0.787043172138166
PI522235B,-0.549987784419217,NA,NA,0,NA,-0.549987784419217,-0.549987784419217,-0.549987784419217
PI532450,-0.945964060473511,NA,NA,0,NA,-0.945964060473511,-0.945964060473511,-0.945964060473511
PI549032,-0.75337987666352,NA,NA,0,NA,-0.75337987666352,-0.75337987666352,-0.75337987666352
PI549047,0.346365423835157,NA,NA,0,NA,0.346365423835157,0.346365423835157,0.346365423835157
PI549048,0.782971596902749,NA,NA,0,NA,0.782971596902749,0.782971596902749,0.782971596902749
PI562534,-0.954980910899425,NA,NA,0,NA,-0.954980910899425,-0.954980910899425,-0.954980910899425
PI562551,-0.84822697883824,NA,NA,0,NA,-0.84822697883824,-0.84822697883824,-0.84822697883824
PI562553,-0.820713379464775,NA,NA,0,NA,-0.820713379464775,-0.820713379464775,-0.820713379464775
PI562557,-0.856389755249721,NA,NA,0,NA,-0.856389755249721,-0.856389755249721,-0.856389755249721
PI562558,-1.27030892336225,NA,NA,0,NA,-1.27030892336225,-1.27030892336225,-1.27030892336225
PI562564,-0.460027835662849,NA,NA,0,NA,-0.460027835662849,-0.460027835662849,-0.460027835662849
PI562568,-0.761889658552383,NA,NA,0,NA,-0.761889658552383,-0.761889658552383,-0.761889658552383
PI597448D,-0.699412979606814,NA,NA,0,NA,-0.699412979606814,-0.699412979606814,-0.699412979606814
PI597458B,-0.825138685047356,NA,NA,0,NA,-0.825138685047356,-0.825138685047356,-0.825138685047356
PI597458C,-0.155663685713667,NA,NA,0,NA,-0.155663685713667,-0.155663685713667,-0.155663685713667
PI597460A,-0.46084995307936,NA,NA,0,NA,-0.46084995307936,-0.46084995307936,-0.46084995307936
PI597461B,-0.268028220874876,NA,NA,0,NA,-0.268028220874876,-0.268028220874876,-0.268028220874876
PI597462B,-0.642965233289114,NA,NA,0,NA,-0.642965233289114,-0.642965233289114,-0.642965233289114
PI597471D,-0.207602084846732,NA,NA,0,NA,-0.207602084846732,-0.207602084846732,-0.207602084846732
PI602450,2.41705567586669,NA,NA,0,NA,2.41705567586669,2.41705567586669,2.41705567586669
PI639586,0.535450708679906,NA,NA,0,NA,0.535450708679906,0.535450708679906,0.535450708679906
PI639588B,0.65725342308939,NA,NA,0,NA,0.65725342308939,0.65725342308939,0.65725342308939
PI639590A,0.362885270270992,NA,NA,0,NA,0.362885270270992,0.362885270270992,0.362885270270992
PI639590B,1.93937680923106,NA,NA,0,NA,1.93937680923106,1.93937680923106,1.93937680923106
PI639621,0.858925996295053,NA,NA,0,NA,0.858925996295053,0.858925996295053,0.858925996295053
PI639623A,0.782738449653095,NA,NA,0,NA,0.782738449653095,0.782738449653095,0.782738449653095
PI639635,-0.791537868295218,NA,NA,0,NA,-0.791537868295218,-0.791537868295218,-0.791537868295218
SC-04,2.16416198725084,NA,NA,0,NA,2.16416198725084,2.16416198725084,2.16416198725084
SRR1533155,-0.8109830516211,NA,NA,0,NA,-0.8109830516211,-0.8109830516211,-0.8109830516211
SRR1533157,-0.541801446350125,NA,NA,0,NA,-0.541801446350125,-0.541801446350125,-0.541801446350125
SRR1533161,-0.65341686152255,NA,NA,0,NA,-0.65341686152255,-0.65341686152255,-0.65341686152255
SRR1533162,-0.589082036792524,NA,NA,0,NA,-0.589082036792524,-0.589082036792524,-0.589082036792524
SRR1533163,-0.840605750501872,NA,NA,0,NA,-0.840605750501872,-0.840605750501872,-0.840605750501872
SRR1533164,-0.906913645690739,NA,NA,0,NA,-0.906913645690739,-0.906913645690739,-0.906913645690739
SRR1533168,-1.12563238428623,NA,NA,0,NA,-1.12563238428623,-1.12563238428623,-1.12563238428623
SRR1533169,-0.654684122023514,NA,NA,0,NA,-0.654684122023514,-0.654684122023514,-0.654684122023514
SRR1533172,-0.946275226492798,NA,NA,0,NA,-0.946275226492798,-0.946275226492798,-0.946275226492798
SRR1533174,-0.609168544200171,NA,NA,0,NA,-0.609168544200171,-0.609168544200171,-0.609168544200171
SRR1533175,-0.300435421763343,NA,NA,0,NA,-0.300435421763343,-0.300435421763343,-0.300435421763343
SRR1533176,-0.692495052848003,NA,NA,0,NA,-0.692495052848003,-0.692495052848003,-0.692495052848003
SRR1533178,-1.16394826910969,NA,NA,0,NA,-1.16394826910969,-1.16394826910969,-1.16394826910969
SRR1533180,-0.535862112099166,NA,NA,0,NA,-0.535862112099166,-0.535862112099166,-0.535862112099166
SRR1533181,-1.00789507202769,NA,NA,0,NA,-1.00789507202769,-1.00789507202769,-1.00789507202769
SRR1533182,0.348781770795262,NA,NA,0,NA,0.348781770795262,0.348781770795262,0.348781770795262
SRR1533183,-0.922997743885183,NA,NA,0,NA,-0.922997743885183,-0.922997743885183,-0.922997743885183
SRR1533185,-1.12249762547003,NA,NA,0,NA,-1.12249762547003,-1.12249762547003,-1.12249762547003
SRR1533187,-0.676978825462938,NA,NA,0,NA,-0.676978825462938,-0.676978825462938,-0.676978825462938
SRR1533188,-0.312720303331804,NA,NA,0,NA,-0.312720303331804,-0.312720303331804,-0.312720303331804
SRR1533190,-0.776782915395274,NA,NA,0,NA,-0.776782915395274,-0.776782915395274,-0.776782915395274
SRR1533191,-0.969659327525567,NA,NA,0,NA,-0.969659327525567,-0.969659327525567,-0.969659327525567
SRR1533192,-0.683532737109061,NA,NA,0,NA,-0.683532737109061,-0.683532737109061,-0.683532737109061
SRR1533193,-1.16447096852534,NA,NA,0,NA,-1.16447096852534,-1.16447096852534,-1.16447096852534
SRR1533194,-0.779840987945817,NA,NA,0,NA,-0.779840987945817,-0.779840987945817,-0.779840987945817
SRR1533196,-0.913465360928225,NA,NA,0,NA,-0.913465360928225,-0.913465360928225,-0.913465360928225
SRR1533197,-1.08192342669792,NA,NA,0,NA,-1.08192342669792,-1.08192342669792,-1.08192342669792
SRR1533198,-0.590337489755476,NA,NA,0,NA,-0.590337489755476,-0.590337489755476,-0.590337489755476
SRR1533199,-0.580747420944405,NA,NA,0,NA,-0.580747420944405,-0.580747420944405,-0.580747420944405
SRR1533202,-1.02494514664633,NA,NA,0,NA,-1.02494514664633,-1.02494514664633,-1.02494514664633
SRR1533203,-1.10070593929717,NA,NA,0,NA,-1.10070593929717,-1.10070593929717,-1.10070593929717
SRR1533204,-0.11547892511889,NA,NA,0,NA,-0.11547892511889,-0.11547892511889,-0.11547892511889
SRR1533205,-0.978521043558155,NA,NA,0,NA,-0.978521043558155,-0.978521043558155,-0.978521043558155
SRR1533206,-0.606281789638099,NA,NA,0,NA,-0.606281789638099,-0.606281789638099,-0.606281789638099
SRR1533210,-0.989181501940013,NA,NA,0,NA,-0.989181501940013,-0.989181501940013,-0.989181501940013
SRR1533211,-0.21905401104284,NA,NA,0,NA,-0.21905401104284,-0.21905401104284,-0.21905401104284
SRR1533212,-0.86987557171078,NA,NA,0,NA,-0.86987557171078,-0.86987557171078,-0.86987557171078
SRR1533216,1.70271584354312,NA,NA,0,NA,1.70271584354312,1.70271584354312,1.70271584354312
SRR1533220,2.08058435903728,NA,NA,0,NA,2.08058435903728,2.08058435903728,2.08058435903728
SRR1533221,2.63937626191345,NA,NA,0,NA,2.63937626191345,2.63937626191345,2.63937626191345
SRR1533229,1.91189319619944,NA,NA,0,NA,1.91189319619944,1.91189319619944,1.91189319619944
SRR1533230,1.91004434569774,NA,NA,0,NA,1.91004434569774,1.91004434569774,1.91004434569774
SRR1533231,1.79096845218333,NA,NA,0,NA,1.79096845218333,1.79096845218333,1.79096845218333
SRR1533235,2.11870959882031,NA,NA,0,NA,2.11870959882031,2.11870959882031,2.11870959882031
SRR1533236,1.90094910694487,NA,NA,0,NA,1.90094910694487,1.90094910694487,1.90094910694487
SRR1533239,2.18154840317518,NA,NA,0,NA,2.18154840317518,2.18154840317518,2.18154840317518
SRR1533243,1.7289142604804,NA,NA,0,NA,1.7289142604804,1.7289142604804,1.7289142604804
SRR1533245,1.81507512665249,NA,NA,0,NA,1.81507512665249,1.81507512665249,1.81507512665249
SRR1533248,1.79816711209615,NA,NA,0,NA,1.79816711209615,1.79816711209615,1.79816711209615
SRR1533257,1.9362866807897,NA,NA,0,NA,1.9362866807897,1.9362866807897,1.9362866807897
SRR1533259,1.94533644445686,NA,NA,0,NA,1.94533644445686,1.94533644445686,1.94533644445686
SRR1533266,1.65023929624907,NA,NA,0,NA,1.65023929624907,1.65023929624907,1.65023929624907
SRR1533269,1.90378179025,NA,NA,0,NA,1.90378179025,1.90378179025,1.90378179025
SRR1533271,2.36015656220087,NA,NA,0,NA,2.36015656220087,2.36015656220087,2.36015656220087
SRR1533272,1.85945972861532,NA,NA,0,NA,1.85945972861532,1.85945972861532,1.85945972861532
SRR1533278,1.80426748352313,NA,NA,0,NA,1.80426748352313,1.80426748352313,1.80426748352313
SRR1533279,2.64591828457526,NA,NA,0,NA,2.64591828457526,2.64591828457526,2.64591828457526
SRR1533282,0.930461689707744,NA,NA,0,NA,0.930461689707744,0.930461689707744,0.930461689707744
SRR1533283,1.74038017781292,NA,NA,0,NA,1.74038017781292,1.74038017781292,1.74038017781292
SRR1533284,1.80300505236341,NA,NA,0,NA,1.80300505236341,1.80300505236341,1.80300505236341
SRR1533285,1.87096795590076,NA,NA,0,NA,1.87096795590076,1.87096795590076,1.87096795590076
SRR1533286,1.66353015729468,NA,NA,0,NA,1.66353015729468,1.66353015729468,1.66353015729468
SRR1533288,2.50724749303058,NA,NA,0,NA,2.50724749303058,2.50724749303058,2.50724749303058
SRR1533290,1.57068510981822,NA,NA,0,NA,1.57068510981822,1.57068510981822,1.57068510981822
SRR1533292,1.81959488696717,NA,NA,0,NA,1.81959488696717,1.81959488696717,1.81959488696717
SRR1533295,1.90258063309429,NA,NA,0,NA,1.90258063309429,1.90258063309429,1.90258063309429
SRR1533297,2.87094828356927,NA,NA,0,NA,2.87094828356927,2.87094828356927,2.87094828356927
SRR1533299,2.8260908264593,NA,NA,0,NA,2.8260908264593,2.8260908264593,2.8260908264593
SRR1533301,1.66746735537901,NA,NA,0,NA,1.66746735537901,1.66746735537901,1.66746735537901
SRR1533302,1.95962707642989,NA,NA,0,NA,1.95962707642989,1.95962707642989,1.95962707642989
SRR1533303,1.97034610702168,NA,NA,0,NA,1.97034610702168,1.97034610702168,1.97034610702168
SRR1533310,1.72210985324254,NA,NA,0,NA,1.72210985324254,1.72210985324254,1.72210985324254
SRR1533312,1.93635949038511,NA,NA,0,NA,1.93635949038511,1.93635949038511,1.93635949038511
SRR1533314,1.68297633341045,NA,NA,0,NA,1.68297633341045,1.68297633341045,1.68297633341045
SRR1533315,1.8772582837465,NA,NA,0,NA,1.8772582837465,1.8772582837465,1.8772582837465
SRR1533319,2.00529633723753,NA,NA,0,NA,2.00529633723753,2.00529633723753,2.00529633723753
SRR1533324,1.65136404316421,NA,NA,0,NA,1.65136404316421,1.65136404316421,1.65136404316421
SRR1533326,1.76254249119495,NA,NA,0,NA,1.76254249119495,1.76254249119495,1.76254249119495
SRR1533328,2.79263448066518,NA,NA,0,NA,2.79263448066518,2.79263448066518,2.79263448066518
SRR1533332,1.94469787337818,NA,NA,0,NA,1.94469787337818,1.94469787337818,1.94469787337818
SRR1533333,1.82135067509754,NA,NA,0,NA,1.82135067509754,1.82135067509754,1.82135067509754
SRR1533336,2.41382718194422,NA,NA,0,NA,2.41382718194422,2.41382718194422,2.41382718194422
SRR1533338,2.57934164941611,NA,NA,0,NA,2.57934164941611,2.57934164941611,2.57934164941611
SRR1533341,1.65384818430997,NA,NA,0,NA,1.65384818430997,1.65384818430997,1.65384818430997
SRR1533345,3.01048221288851,NA,NA,0,NA,3.01048221288851,3.01048221288851,3.01048221288851
SRR1533348,2.9392413670149,NA,NA,0,NA,2.9392413670149,2.9392413670149,2.9392413670149
SRR1533351,2.8570676936071,NA,NA,0,NA,2.8570676936071,2.8570676936071,2.8570676936071
SRR1533353,2.66081360318737,NA,NA,0,NA,2.66081360318737,2.66081360318737,2.66081360318737
SRR1533356,2.55386044052354,NA,NA,0,NA,2.55386044052354,2.55386044052354,2.55386044052354
SRR1533357,2.94066425774806,NA,NA,0,NA,2.94066425774806,2.94066425774806,2.94066425774806
SRR1533362,2.50153903117686,NA,NA,0,NA,2.50153903117686,2.50153903117686,2.50153903117686
SRR1533365,2.22128069262637,NA,NA,0,NA,2.22128069262637,2.22128069262637,2.22128069262637
SRR1533366,2.93448779866173,NA,NA,0,NA,2.93448779866173,2.93448779866173,2.93448779866173
SRR1533369,2.77428705322393,NA,NA,0,NA,2.77428705322393,2.77428705322393,2.77428705322393
SRR1533371,2.87486084388012,NA,NA,0,NA,2.87486084388012,2.87486084388012,2.87486084388012
SRR1533374,2.83941777500924,NA,NA,0,NA,2.83941777500924,2.83941777500924,2.83941777500924
SRR1533378,2.80092811246074,NA,NA,0,NA,2.80092811246074,2.80092811246074,2.80092811246074
SRR1533381,2.98761383835462,NA,NA,0,NA,2.98761383835462,2.98761383835462,2.98761383835462
SRR1533384,2.65124641915868,NA,NA,0,NA,2.65124641915868,2.65124641915868,2.65124641915868
SRR1533385,2.94259537615384,NA,NA,0,NA,2.94259537615384,2.94259537615384,2.94259537615384
SRR1533386,2.66086374420968,NA,NA,0,NA,2.66086374420968,2.66086374420968,2.66086374420968
SRR1533387,2.89534146446373,NA,NA,0,NA,2.89534146446373,2.89534146446373,2.89534146446373
SRR1533389,2.55846822526567,NA,NA,0,NA,2.55846822526567,2.55846822526567,2.55846822526567
SRR1533395,2.92154934474166,NA,NA,0,NA,2.92154934474166,2.92154934474166,2.92154934474166
SRR1533396,2.68712239787752,NA,NA,0,NA,2.68712239787752,2.68712239787752,2.68712239787752
SRR1533409,2.55974875516145,NA,NA,0,NA,2.55974875516145,2.55974875516145,2.55974875516145
SRR1533415,2.85218991728904,NA,NA,0,NA,2.85218991728904,2.85218991728904,2.85218991728904
SRR1533419,2.53390237751567,NA,NA,0,NA,2.53390237751567,2.53390237751567,2.53390237751567
SRR1533423,2.79317033093387,NA,NA,0,NA,2.79317033093387,2.79317033093387,2.79317033093387
SRR1533427,2.79467768570742,NA,NA,0,NA,2.79467768570742,2.79467768570742,2.79467768570742
SRR1533429,2.43306801760946,NA,NA,0,NA,2.43306801760946,2.43306801760946,2.43306801760946
SRR1533436,2.97321753101314,NA,NA,0,NA,2.97321753101314,2.97321753101314,2.97321753101314
SRR1533438,2.78656440037973,NA,NA,0,NA,2.78656440037973,2.78656440037973,2.78656440037973
SRR1533441,2.3368562483056,NA,NA,0,NA,2.3368562483056,2.3368562483056,2.3368562483056
SRR1533442,2.39031722132752,NA,NA,0,NA,2.39031722132752,2.39031722132752,2.39031722132752
SRR1533444,2.73176310438857,NA,NA,0,NA,2.73176310438857,2.73176310438857,2.73176310438857
SRR1533446,2.89180867638831,NA,NA,0,NA,2.89180867638831,2.89180867638831,2.89180867638831
SRR1533451,2.72415941720751,NA,NA,0,NA,2.72415941720751,2.72415941720751,2.72415941720751
TC21,2.45167233555008,NA,NA,0,NA,2.45167233555008,2.45167233555008,2.45167233555008
TC22,-0.956794867124722,NA,NA,0,NA,-0.956794867124722,-0.956794867124722,-0.956794867124722
US-18,2.28368411263959,NA,NA,0,NA,2.28368411263959,2.28368411263959,2.28368411263959
US-19,2.93696656014386,NA,NA,0,NA,2.93696656014386,2.93696656014386,2.93696656014386
USB-001,2.99148580674465,NA,NA,0,NA,2.99148580674465,2.99148580674465,2.99148580674465
USB-002,3.30059178156884,NA,NA,0,NA,3.30059178156884,3.30059178156884,3.30059178156884
USB-007,2.55091840045589,NA,NA,0,NA,2.55091840045589,2.55091840045589,2.55091840045589
USB-012,2.07352331860802,NA,NA,0,NA,2.07352331860802,2.07352331860802,2.07352331860802
USB-014,0.0233281427076975,NA,NA,0,NA,0.0233281427076975,0.0233281427076975,0.0233281427076975
USB-015,1.45548736530131,NA,NA,0,NA,1.45548736530131,1.45548736530131,1.45548736530131
USB-016,2.01328065808991,NA,NA,0,NA,2.01328065808991,2.01328065808991,2.01328065808991
USB-021,2.56244955514906,NA,NA,0,NA,2.56244955514906,2.56244955514906,2.56244955514906
USB-023,2.03873221882964,NA,NA,0,NA,2.03873221882964,2.03873221882964,2.03873221882964
USB-024,3.1098978332724,NA,NA,0,NA,3.1098978332724,3.1098978332724,3.1098978332724
USB-029,1.76610797018035,NA,NA,0,NA,1.76610797018035,1.76610797018035,1.76610797018035
USB-035,0.560719736555382,NA,NA,0,NA,0.560719736555382,0.560719736555382,0.560719736555382
USB-036,2.96367867074701,NA,NA,0,NA,2.96367867074701,2.96367867074701,2.96367867074701
USB-037,0.330105514024689,NA,NA,0,NA,0.330105514024689,0.330105514024689,0.330105514024689
USB-038,2.83110662002411,NA,NA,0,NA,2.83110662002411,2.83110662002411,2.83110662002411
USB-039,2.78145795022003,NA,NA,0,NA,2.78145795022003,2.78145795022003,2.78145795022003
USB-040,1.73064769122677,NA,NA,0,NA,1.73064769122677,1.73064769122677,1.73064769122677
USB-041,2.37197568888742,NA,NA,0,NA,2.37197568888742,2.37197568888742,2.37197568888742
USB-044,2.02554217107947,NA,NA,0,NA,2.02554217107947,2.02554217107947,2.02554217107947
USB-047,0.879738591608613,NA,NA,0,NA,0.879738591608613,0.879738591608613,0.879738591608613
USB-048,2.45747949181818,NA,NA,0,NA,2.45747949181818,2.45747949181818,2.45747949181818
USB-049,1.81519029553992,NA,NA,0,NA,1.81519029553992,1.81519029553992,1.81519029553992
USB-050,1.50286080516436,NA,NA,0,NA,1.50286080516436,1.50286080516436,1.50286080516436
USB-052,1.73632765183772,NA,NA,0,NA,1.73632765183772,1.73632765183772,1.73632765183772
USB-058,2.83948247177454,NA,NA,0,NA,2.83948247177454,2.83948247177454,2.83948247177454
USB-059,3.05199648979888,NA,NA,0,NA,3.05199648979888,3.05199648979888,3.05199648979888
USB-060,3.13519870708709,NA,NA,0,NA,3.13519870708709,3.13519870708709,3.13519870708709
USB-061,2.31778153044897,NA,NA,0,NA,2.31778153044897,2.31778153044897,2.31778153044897
USB-062,2.30641725744067,NA,NA,0,NA,2.30641725744067,2.30641725744067,2.30641725744067
USB-063,2.78050518540556,NA,NA,0,NA,2.78050518540556,2.78050518540556,2.78050518540556
USB-064,2.49573929957629,NA,NA,0,NA,2.49573929957629,2.49573929957629,2.49573929957629
USB-065,2.32077729767095,NA,NA,0,NA,2.32077729767095,2.32077729767095,2.32077729767095
USB-066,2.35261114475992,NA,NA,0,NA,2.35261114475992,2.35261114475992,2.35261114475992
USB-067,2.60516068018422,NA,NA,0,NA,2.60516068018422,2.60516068018422,2.60516068018422
USB-068,2.70416361215688,NA,NA,0,NA,2.70416361215688,2.70416361215688,2.70416361215688
USB-069,2.69339751055165,NA,NA,0,NA,2.69339751055165,2.69339751055165,2.69339751055165
USB-070,2.86126183008495,NA,NA,0,NA,2.86126183008495,2.86126183008495,2.86126183008495
USB-071,2.77287228963785,NA,NA,0,NA,2.77287228963785,2.77287228963785,2.77287228963785
USB-072,1.90869288629016,NA,NA,0,NA,1.90869288629016,1.90869288629016,1.90869288629016
USB-073,2.12829470728215,NA,NA,0,NA,2.12829470728215,2.12829470728215,2.12829470728215
USB-074,2.48466400579847,NA,NA,0,NA,2.48466400579847,2.48466400579847,2.48466400579847
USB-075,1.86616979580321,NA,NA,0,NA,1.86616979580321,1.86616979580321,1.86616979580321
USB-076,2.15134299425778,NA,NA,0,NA,2.15134299425778,2.15134299425778,2.15134299425778
USB-077,2.46297236111876,NA,NA,0,NA,2.46297236111876,2.46297236111876,2.46297236111876
USB-078,2.26951625444018,NA,NA,0,NA,2.26951625444018,2.26951625444018,2.26951625444018
USB-079,2.91266997324411,NA,NA,0,NA,2.91266997324411,2.91266997324411,2.91266997324411
USB-080,2.23976572681537,NA,NA,0,NA,2.23976572681537,2.23976572681537,2.23976572681537
USB-081,2.26019599883041,NA,NA,0,NA,2.26019599883041,2.26019599883041,2.26019599883041
USB-084,2.57799318787416,NA,NA,0,NA,2.57799318787416,2.57799318787416,2.57799318787416
USB-085,2.71020033820448,NA,NA,0,NA,2.71020033820448,2.71020033820448,2.71020033820448
USB-086,2.6109747288415,NA,NA,0,NA,2.6109747288415,2.6109747288415,2.6109747288415
USB-087,2.7614757682018,NA,NA,0,NA,2.7614757682018,2.7614757682018,2.7614757682018
USB-088,2.17374154405231,NA,NA,0,NA,2.17374154405231,2.17374154405231,2.17374154405231
USB-089,2.54972484943432,NA,NA,0,NA,2.54972484943432,2.54972484943432,2.54972484943432
USB-090,2.10926774080802,NA,NA,0,NA,2.10926774080802,2.10926774080802,2.10926774080802
USB-091,2.23643110007134,NA,NA,0,NA,2.23643110007134,2.23643110007134,2.23643110007134
USB-092,2.24641752061376,NA,NA,0,NA,2.24641752061376,2.24641752061376,2.24641752061376
USB-093,2.47831618617502,NA,NA,0,NA,2.47831618617502,2.47831618617502,2.47831618617502
USB-094,2.27020193148709,NA,NA,0,NA,2.27020193148709,2.27020193148709,2.27020193148709
USB-095,2.27495337681514,NA,NA,0,NA,2.27495337681514,2.27495337681514,2.27495337681514
USB-096,2.75462355805368,NA,NA,0,NA,2.75462355805368,2.75462355805368,2.75462355805368
USB-097,2.32395141717868,NA,NA,0,NA,2.32395141717868,2.32395141717868,2.32395141717868
USB-098,2.1533044807583,NA,NA,0,NA,2.1533044807583,2.1533044807583,2.1533044807583
USB-100,1.80247031260364,NA,NA,0,NA,1.80247031260364,1.80247031260364,1.80247031260364
USB-101,2.41956095021989,NA,NA,0,NA,2.41956095021989,2.41956095021989,2.41956095021989
USB-102,2.0780696779216,NA,NA,0,NA,2.0780696779216,2.0780696779216,2.0780696779216
USB-103,1.88154350850197,NA,NA,0,NA,1.88154350850197,1.88154350850197,1.88154350850197
USB-104,2.19379726246381,NA,NA,0,NA,2.19379726246381,2.19379726246381,2.19379726246381
USB-106,2.01034593599453,NA,NA,0,NA,2.01034593599453,2.01034593599453,2.01034593599453
USB-107,1.4291721472214,NA,NA,0,NA,1.4291721472214,1.4291721472214,1.4291721472214
USB-108,2.09358711677231,NA,NA,0,NA,2.09358711677231,2.09358711677231,2.09358711677231
USB-109,2.1918798525391,NA,NA,0,NA,2.1918798525391,2.1918798525391,2.1918798525391
USB-110,1.53635439698512,NA,NA,0,NA,1.53635439698512,1.53635439698512,1.53635439698512
USB-112,1.51241435388528,NA,NA,0,NA,1.51241435388528,1.51241435388528,1.51241435388528
USB-113,2.03059453629632,NA,NA,0,NA,2.03059453629632,2.03059453629632,2.03059453629632
USB-115,1.88318783002533,NA,NA,0,NA,1.88318783002533,1.88318783002533,1.88318783002533
USB-116,1.59954312979025,NA,NA,0,NA,1.59954312979025,1.59954312979025,1.59954312979025
USB-117,1.21931641137569,NA,NA,0,NA,1.21931641137569,1.21931641137569,1.21931641137569
USB-119,2.20819521919355,NA,NA,0,NA,2.20819521919355,2.20819521919355,2.20819521919355
USB-120,1.43265263157839,NA,NA,0,NA,1.43265263157839,1.43265263157839,1.43265263157839
USB-121,0.72927295738943,NA,NA,0,NA,0.72927295738943,0.72927295738943,0.72927295738943
USB-122,2.60826538404156,NA,NA,0,NA,2.60826538404156,2.60826538404156,2.60826538404156
USB-123,1.63806429329654,NA,NA,0,NA,1.63806429329654,1.63806429329654,1.63806429329654
USB-124,2.4952618717493,NA,NA,0,NA,2.4952618717493,2.4952618717493,2.4952618717493
USB-125,2.80653569192743,NA,NA,0,NA,2.80653569192743,2.80653569192743,2.80653569192743
USB-126,2.79678646745526,NA,NA,0,NA,2.79678646745526,2.79678646745526,2.79678646745526
USB-127,2.68250112410099,NA,NA,0,NA,2.68250112410099,2.68250112410099,2.68250112410099
USB-128,0.496679104091365,NA,NA,0,NA,0.496679104091365,0.496679104091365,0.496679104091365
USB-129,1.40105992629904,NA,NA,0,NA,1.40105992629904,1.40105992629904,1.40105992629904
USB-131,2.58984135994084,NA,NA,0,NA,2.58984135994084,2.58984135994084,2.58984135994084
USB-132,2.39249172593151,NA,NA,0,NA,2.39249172593151,2.39249172593151,2.39249172593151
USB-133,1.86219151837822,NA,NA,0,NA,1.86219151837822,1.86219151837822,1.86219151837822
USB-134,2.49179241850547,NA,NA,0,NA,2.49179241850547,2.49179241850547,2.49179241850547
USB-135,2.39001194169944,NA,NA,0,NA,2.39001194169944,2.39001194169944,2.39001194169944
USB-136,1.0444238671953,NA,NA,0,NA,1.0444238671953,1.0444238671953,1.0444238671953
USB-139,2.86368527194358,NA,NA,0,NA,2.86368527194358,2.86368527194358,2.86368527194358
USB-140,1.54310702451255,NA,NA,0,NA,1.54310702451255,1.54310702451255,1.54310702451255
USB-141,2.00641685600874,NA,NA,0,NA,2.00641685600874,2.00641685600874,2.00641685600874
USB-143,2.15637507585633,NA,NA,0,NA,2.15637507585633,2.15637507585633,2.15637507585633
USB-144,1.48496612570537,NA,NA,0,NA,1.48496612570537,1.48496612570537,1.48496612570537
USB-145,3.00502703879072,NA,NA,0,NA,3.00502703879072,3.00502703879072,3.00502703879072
USB-146,1.78798172236861,NA,NA,0,NA,1.78798172236861,1.78798172236861,1.78798172236861
USB-147,2.25624463260595,NA,NA,0,NA,2.25624463260595,2.25624463260595,2.25624463260595
USB-148,2.01045919550935,NA,NA,0,NA,2.01045919550935,2.01045919550935,2.01045919550935
USB-149,2.99908012206227,NA,NA,0,NA,2.99908012206227,2.99908012206227,2.99908012206227
USB-150,2.91577603880555,NA,NA,0,NA,2.91577603880555,2.91577603880555,2.91577603880555
USB-151,1.97019172763841,NA,NA,0,NA,1.97019172763841,1.97019172763841,1.97019172763841
USB-152,2.4627415840528,NA,NA,0,NA,2.4627415840528,2.4627415840528,2.4627415840528
USB-153,2.23168595960828,NA,NA,0,NA,2.23168595960828,2.23168595960828,2.23168595960828
USB-154,1.8425260852266,NA,NA,0,NA,1.8425260852266,1.8425260852266,1.8425260852266
USB-155,2.09990410763789,NA,NA,0,NA,2.09990410763789,2.09990410763789,2.09990410763789
USB-156,2.08007575432629,NA,NA,0,NA,2.08007575432629,2.08007575432629,2.08007575432629
USB-157,2.43440994374281,NA,NA,0,NA,2.43440994374281,2.43440994374281,2.43440994374281
USB-158,1.54520839318972,NA,NA,0,NA,1.54520839318972,1.54520839318972,1.54520839318972
USB-159,1.73222792680397,NA,NA,0,NA,1.73222792680397,1.73222792680397,1.73222792680397
USB-160,2.28161466000069,NA,NA,0,NA,2.28161466000069,2.28161466000069,2.28161466000069
USB-161,2.19600133754017,NA,NA,0,NA,2.19600133754017,2.19600133754017,2.19600133754017
USB-162,2.45452199830342,NA,NA,0,NA,2.45452199830342,2.45452199830342,2.45452199830342
USB-163,-0.30107841853296,NA,NA,0,NA,-0.30107841853296,-0.30107841853296,-0.30107841853296
USB-166,2.2532206383538,NA,NA,0,NA,2.2532206383538,2.2532206383538,2.2532206383538
USB-167,1.96027081563831,NA,NA,0,NA,1.96027081563831,1.96027081563831,1.96027081563831
USB-168,2.55889185060655,NA,NA,0,NA,2.55889185060655,2.55889185060655,2.55889185060655
USB-169,1.82758700321992,NA,NA,0,NA,1.82758700321992,1.82758700321992,1.82758700321992
USB-170,2.08963343695174,NA,NA,0,NA,2.08963343695174,2.08963343695174,2.08963343695174
USB-171,2.10165034815868,NA,NA,0,NA,2.10165034815868,2.10165034815868,2.10165034815868
USB-173,2.75770470346921,NA,NA,0,NA,2.75770470346921,2.75770470346921,2.75770470346921
USB-174,1.96850982341224,NA,NA,0,NA,1.96850982341224,1.96850982341224,1.96850982341224
USB-175,2.24221159354896,NA,NA,0,NA,2.24221159354896,2.24221159354896,2.24221159354896
USB-177,2.83612076818963,NA,NA,0,NA,2.83612076818963,2.83612076818963,2.83612076818963
USB-178,2.08538643439564,NA,NA,0,NA,2.08538643439564,2.08538643439564,2.08538643439564
USB-179,2.71664532583106,NA,NA,0,NA,2.71664532583106,2.71664532583106,2.71664532583106
USB-180,1.83900239524565,NA,NA,0,NA,1.83900239524565,1.83900239524565,1.83900239524565
USB-182,0.062596967177619,NA,NA,0,NA,0.062596967177619,0.062596967177619,0.062596967177619
USB-183,2.34813331661631,NA,NA,0,NA,2.34813331661631,2.34813331661631,2.34813331661631
USB-184,2.23261934265499,NA,NA,0,NA,2.23261934265499,2.23261934265499,2.23261934265499
USB-185,2.29259546148821,NA,NA,0,NA,2.29259546148821,2.29259546148821,2.29259546148821
USB-186,1.77897941665752,NA,NA,0,NA,1.77897941665752,1.77897941665752,1.77897941665752
USB-187,2.05712497021672,NA,NA,0,NA,2.05712497021672,2.05712497021672,2.05712497021672
USB-188,2.35327484847412,NA,NA,0,NA,2.35327484847412,2.35327484847412,2.35327484847412
USB-189,2.85077063831226,NA,NA,0,NA,2.85077063831226,2.85077063831226,2.85077063831226
USB-191,2.54888417619324,NA,NA,0,NA,2.54888417619324,2.54888417619324,2.54888417619324
USB-192,2.74859778574571,NA,NA,0,NA,2.74859778574571,2.74859778574571,2.74859778574571
USB-193,2.21240009875051,NA,NA,0,NA,2.21240009875051,2.21240009875051,2.21240009875051
USB-195,2.71752614548118,NA,NA,0,NA,2.71752614548118,2.71752614548118,2.71752614548118
USB-196,2.12576089539164,NA,NA,0,NA,2.12576089539164,2.12576089539164,2.12576089539164
USB-198,2.37235767239895,NA,NA,0,NA,2.37235767239895,2.37235767239895,2.37235767239895
USB-199,1.83676535583621,NA,NA,0,NA,1.83676535583621,1.83676535583621,1.83676535583621
USB-201,1.77821746879343,NA,NA,0,NA,1.77821746879343,1.77821746879343,1.77821746879343
USB-202,2.50903894338398,NA,NA,0,NA,2.50903894338398,2.50903894338398,2.50903894338398
USB-203,2.35816519630397,NA,NA,0,NA,2.35816519630397,2.35816519630397,2.35816519630397
USB-204,2.22670207059118,NA,NA,0,NA,2.22670207059118,2.22670207059118,2.22670207059118
USB-206,1.82960297978407,NA,NA,0,NA,1.82960297978407,1.82960297978407,1.82960297978407
USB-207,1.86837801323543,NA,NA,0,NA,1.86837801323543,1.86837801323543,1.86837801323543
USB-208,2.23117284569605,NA,NA,0,NA,2.23117284569605,2.23117284569605,2.23117284569605
USB-209,2.27912548056822,NA,NA,0,NA,2.27912548056822,2.27912548056822,2.27912548056822
USB-210,2.45230779424858,NA,NA,0,NA,2.45230779424858,2.45230779424858,2.45230779424858
USB-212,2.90564207765661,NA,NA,0,NA,2.90564207765661,2.90564207765661,2.90564207765661
USB-213,2.77595413684248,NA,NA,0,NA,2.77595413684248,2.77595413684248,2.77595413684248
USB-214,2.12012753584156,NA,NA,0,NA,2.12012753584156,2.12012753584156,2.12012753584156
USB-215,2.85234851203822,NA,NA,0,NA,2.85234851203822,2.85234851203822,2.85234851203822
USB-216,2.63488213613212,NA,NA,0,NA,2.63488213613212,2.63488213613212,2.63488213613212
USB-217,2.57264448670346,NA,NA,0,NA,2.57264448670346,2.57264448670346,2.57264448670346
USB-218,1.73491843900967,NA,NA,0,NA,1.73491843900967,1.73491843900967,1.73491843900967
USB-220,2.80895292210903,NA,NA,0,NA,2.80895292210903,2.80895292210903,2.80895292210903
USB-221,2.90568144675484,NA,NA,0,NA,2.90568144675484,2.90568144675484,2.90568144675484
USB-222,2.21705510661266,NA,NA,0,NA,2.21705510661266,2.21705510661266,2.21705510661266
USB-223,2.03619372450891,NA,NA,0,NA,2.03619372450891,2.03619372450891,2.03619372450891
USB-224,1.66593717885313,NA,NA,0,NA,1.66593717885313,1.66593717885313,1.66593717885313
USB-226,1.26148627131874,NA,NA,0,NA,1.26148627131874,1.26148627131874,1.26148627131874
USB-227,0.0683030025615089,NA,NA,0,NA,0.0683030025615089,0.0683030025615089,0.0683030025615089
USB-228,1.80691039461772,NA,NA,0,NA,1.80691039461772,1.80691039461772,1.80691039461772
USB-229,2.77133753152671,NA,NA,0,NA,2.77133753152671,2.77133753152671,2.77133753152671
USB-230,0.738609803178012,NA,NA,0,NA,0.738609803178012,0.738609803178012,0.738609803178012
USB-232,1.84759380911125,NA,NA,0,NA,1.84759380911125,1.84759380911125,1.84759380911125
USB-233,2.4980385087378,NA,NA,0,NA,2.4980385087378,2.4980385087378,2.4980385087378
USB-234,1.96477240699948,NA,NA,0,NA,1.96477240699948,1.96477240699948,1.96477240699948
USB-235,2.56063466225863,NA,NA,0,NA,2.56063466225863,2.56063466225863,2.56063466225863
USB-236,2.10687943341888,NA,NA,0,NA,2.10687943341888,2.10687943341888,2.10687943341888
USB-238,2.3955486884936,NA,NA,0,NA,2.3955486884936,2.3955486884936,2.3955486884936
USB-240,2.80229422115847,NA,NA,0,NA,2.80229422115847,2.80229422115847,2.80229422115847
USB-241,1.80998882923809,NA,NA,0,NA,1.80998882923809,1.80998882923809,1.80998882923809
USB-242,2.28926023436926,NA,NA,0,NA,2.28926023436926,2.28926023436926,2.28926023436926
USB-245,1.79380342216875,NA,NA,0,NA,1.79380342216875,1.79380342216875,1.79380342216875
USB-246,2.96362712197183,NA,NA,0,NA,2.96362712197183,2.96362712197183,2.96362712197183
USB-248,2.67425936632706,NA,NA,0,NA,2.67425936632706,2.67425936632706,2.67425936632706
USB-249,2.34853821626335,NA,NA,0,NA,2.34853821626335,2.34853821626335,2.34853821626335
USB-250,2.96632848309558,NA,NA,0,NA,2.96632848309558,2.96632848309558,2.96632848309558
USB-251,2.18709833114436,NA,NA,0,NA,2.18709833114436,2.18709833114436,2.18709833114436
USB-252,1.37294688960464,NA,NA,0,NA,1.37294688960464,1.37294688960464,1.37294688960464
USB-253,2.37703301918017,NA,NA,0,NA,2.37703301918017,2.37703301918017,2.37703301918017
USB-254,2.11252293143341,NA,NA,0,NA,2.11252293143341,2.11252293143341,2.11252293143341
USB-255,2.50628819350099,NA,NA,0,NA,2.50628819350099,2.50628819350099,2.50628819350099
USB-256,2.00169957075267,NA,NA,0,NA,2.00169957075267,2.00169957075267,2.00169957075267
USB-257,1.7862537963158,NA,NA,0,NA,1.7862537963158,1.7862537963158,1.7862537963158
USB-258,2.95958475364567,NA,NA,0,NA,2.95958475364567,2.95958475364567,2.95958475364567
USB-259,2.79705572331983,NA,NA,0,NA,2.79705572331983,2.79705572331983,2.79705572331983
USB-260,2.7406900530328,NA,NA,0,NA,2.7406900530328,2.7406900530328,2.7406900530328
USB-261,1.76213608219763,NA,NA,0,NA,1.76213608219763,1.76213608219763,1.76213608219763
USB-262,1.76505268500868,NA,NA,0,NA,1.76505268500868,1.76505268500868,1.76505268500868
USB-263,1.97605133838276,NA,NA,0,NA,1.97605133838276,1.97605133838276,1.97605133838276
USB-264,1.83070664282453,NA,NA,0,NA,1.83070664282453,1.83070664282453,1.83070664282453
USB-265,3.02665523924157,NA,NA,0,NA,3.02665523924157,3.02665523924157,3.02665523924157
USB-266,2.77031922515273,NA,NA,0,NA,2.77031922515273,2.77031922515273,2.77031922515273
USB-268,2.84324202589548,NA,NA,0,NA,2.84324202589548,2.84324202589548,2.84324202589548
USB-269,2.90041049124435,NA,NA,0,NA,2.90041049124435,2.90041049124435,2.90041049124435
USB-270,2.78702607088342,NA,NA,0,NA,2.78702607088342,2.78702607088342,2.78702607088342
USB-271,3.24683990982547,NA,NA,0,NA,3.24683990982547,3.24683990982547,3.24683990982547
USB-272,3.02110334242079,NA,NA,0,NA,3.02110334242079,3.02110334242079,3.02110334242079
USB-274,2.52976741169403,NA,NA,0,NA,2.52976741169403,2.52976741169403,2.52976741169403
USB-276,2.60060801921034,NA,NA,0,NA,2.60060801921034,2.60060801921034,2.60060801921034
USB-277,1.45143246362997,NA,NA,0,NA,1.45143246362997,1.45143246362997,1.45143246362997
USB-278,1.45491940872955,NA,NA,0,NA,1.45491940872955,1.45491940872955,1.45491940872955
USB-279,1.99405851586471,NA,NA,0,NA,1.99405851586471,1.99405851586471,1.99405851586471
USB-281,0.79359836608621,NA,NA,0,NA,0.79359836608621,0.79359836608621,0.79359836608621
USB-282,3.10674695274604,NA,NA,0,NA,3.10674695274604,3.10674695274604,3.10674695274604
USB-283,2.48370622708532,NA,NA,0,NA,2.48370622708532,2.48370622708532,2.48370622708532
USB-284,2.7312860153132,NA,NA,0,NA,2.7312860153132,2.7312860153132,2.7312860153132
USB-285,2.40683316980006,NA,NA,0,NA,2.40683316980006,2.40683316980006,2.40683316980006
USB-286,1.79201347010134,NA,NA,0,NA,1.79201347010134,1.79201347010134,1.79201347010134
USB-287,2.56893094562095,NA,NA,0,NA,2.56893094562095,2.56893094562095,2.56893094562095
USB-290,1.53918282322044,NA,NA,0,NA,1.53918282322044,1.53918282322044,1.53918282322044
USB-291,3.04933115505703,NA,NA,0,NA,3.04933115505703,3.04933115505703,3.04933115505703
USB-293,2.55380514540117,NA,NA,0,NA,2.55380514540117,2.55380514540117,2.55380514540117
USB-294,2.48549255855397,NA,NA,0,NA,2.48549255855397,2.48549255855397,2.48549255855397
USB-295,1.55176653871607,NA,NA,0,NA,1.55176653871607,1.55176653871607,1.55176653871607
USB-296,1.12864310783473,NA,NA,0,NA,1.12864310783473,1.12864310783473,1.12864310783473
USB-297,1.87053908891651,NA,NA,0,NA,1.87053908891651,1.87053908891651,1.87053908891651
USB-298,1.49070755530875,NA,NA,0,NA,1.49070755530875,1.49070755530875,1.49070755530875
USB-301,1.84936738812693,NA,NA,0,NA,1.84936738812693,1.84936738812693,1.84936738812693
USB-302,1.73937191557426,NA,NA,0,NA,1.73937191557426,1.73937191557426,1.73937191557426
USB-303,1.79420736840028,NA,NA,0,NA,1.79420736840028,1.79420736840028,1.79420736840028
USB-304,1.70514511257006,NA,NA,0,NA,1.70514511257006,1.70514511257006,1.70514511257006
USB-306,1.48991223848025,NA,NA,0,NA,1.48991223848025,1.48991223848025,1.48991223848025
USB-307,1.98976846451043,NA,NA,0,NA,1.98976846451043,1.98976846451043,1.98976846451043
USB-308,1.91691594774239,NA,NA,0,NA,1.91691594774239,1.91691594774239,1.91691594774239
USB-309,2.11770989213592,NA,NA,0,NA,2.11770989213592,2.11770989213592,2.11770989213592
USB-310,1.6154969106834,NA,NA,0,NA,1.6154969106834,1.6154969106834,1.6154969106834
USB-311,2.21563552802407,NA,NA,0,NA,2.21563552802407,2.21563552802407,2.21563552802407
USB-312,1.28069663275735,NA,NA,0,NA,1.28069663275735,1.28069663275735,1.28069663275735
USB-313,1.99069419175613,NA,NA,0,NA,1.99069419175613,1.99069419175613,1.99069419175613
USB-314,1.83060282199689,NA,NA,0,NA,1.83060282199689,1.83060282199689,1.83060282199689
USB-315,1.99019480237464,NA,NA,0,NA,1.99019480237464,1.99019480237464,1.99019480237464
USB-316,2.14466505030583,NA,NA,0,NA,2.14466505030583,2.14466505030583,2.14466505030583
USB-317,2.49104040224612,NA,NA,0,NA,2.49104040224612,2.49104040224612,2.49104040224612
USB-318,2.15582501616727,NA,NA,0,NA,2.15582501616727,2.15582501616727,2.15582501616727
USB-319,1.86586609907473,NA,NA,0,NA,1.86586609907473,1.86586609907473,1.86586609907473
USB-320,2.09913462231012,NA,NA,0,NA,2.09913462231012,2.09913462231012,2.09913462231012
USB-322,1.92993660628211,NA,NA,0,NA,1.92993660628211,1.92993660628211,1.92993660628211
USB-323,1.57509704385087,NA,NA,0,NA,1.57509704385087,1.57509704385087,1.57509704385087
USB-324,1.98430296097698,NA,NA,0,NA,1.98430296097698,1.98430296097698,1.98430296097698
USB-325,1.66701325589141,NA,NA,0,NA,1.66701325589141,1.66701325589141,1.66701325589141
USB-326,1.95221795171665,NA,NA,0,NA,1.95221795171665,1.95221795171665,1.95221795171665
USB-327,1.96729214831746,NA,NA,0,NA,1.96729214831746,1.96729214831746,1.96729214831746
USB-328,2.90230451874073,NA,NA,0,NA,2.90230451874073,2.90230451874073,2.90230451874073
USB-330,2.68758067352712,NA,NA,0,NA,2.68758067352712,2.68758067352712,2.68758067352712
USB-331,2.27615059226776,NA,NA,0,NA,2.27615059226776,2.27615059226776,2.27615059226776
USB-332,2.66182671728076,NA,NA,0,NA,2.66182671728076,2.66182671728076,2.66182671728076
USB-333,2.14575702326665,NA,NA,0,NA,2.14575702326665,2.14575702326665,2.14575702326665
USB-334,3.10721689499931,NA,NA,0,NA,3.10721689499931,3.10721689499931,3.10721689499931
USB-335,2.96554555968642,NA,NA,0,NA,2.96554555968642,2.96554555968642,2.96554555968642
USB-336,1.9322877960552,NA,NA,0,NA,1.9322877960552,1.9322877960552,1.9322877960552
USB-338,1.55421417922196,NA,NA,0,NA,1.55421417922196,1.55421417922196,1.55421417922196
USB-339,2.0370039812045,NA,NA,0,NA,2.0370039812045,2.0370039812045,2.0370039812045
USB-341,1.98005004186777,NA,NA,0,NA,1.98005004186777,1.98005004186777,1.98005004186777
USB-342,2.10787527007656,NA,NA,0,NA,2.10787527007656,2.10787527007656,2.10787527007656
USB-343,1.76486209221934,NA,NA,0,NA,1.76486209221934,1.76486209221934,1.76486209221934
USB-345,1.81638300985051,NA,NA,0,NA,1.81638300985051,1.81638300985051,1.81638300985051
USB-346,2.62429269292241,NA,NA,0,NA,2.62429269292241,2.62429269292241,2.62429269292241
USB-347,1.95023891737999,NA,NA,0,NA,1.95023891737999,1.95023891737999,1.95023891737999
USB-348,3.10145454621611,NA,NA,0,NA,3.10145454621611,3.10145454621611,3.10145454621611
USB-351,2.94107041932932,NA,NA,0,NA,2.94107041932932,2.94107041932932,2.94107041932932
USB-353,2.37351709075431,NA,NA,0,NA,2.37351709075431,2.37351709075431,2.37351709075431
USB-354,2.00458547353357,NA,NA,0,NA,2.00458547353357,2.00458547353357,2.00458547353357
USB-357,1.93445809297962,NA,NA,0,NA,1.93445809297962,1.93445809297962,1.93445809297962
USB-358,2.8607189774877,NA,NA,0,NA,2.8607189774877,2.8607189774877,2.8607189774877
USB-361,2.12037687121348,NA,NA,0,NA,2.12037687121348,2.12037687121348,2.12037687121348
USB-362,0.448407786617024,NA,NA,0,NA,0.448407786617024,0.448407786617024,0.448407786617024
USB-363,2.62175702698888,NA,NA,0,NA,2.62175702698888,2.62175702698888,2.62175702698888
USB-364,2.96223536067042,NA,NA,0,NA,2.96223536067042,2.96223536067042,2.96223536067042
USB-366,2.50214483842683,NA,NA,0,NA,2.50214483842683,2.50214483842683,2.50214483842683
USB-367,1.78686847912838,NA,NA,0,NA,1.78686847912838,1.78686847912838,1.78686847912838
USB-368,1.74520351555162,NA,NA,0,NA,1.74520351555162,1.74520351555162,1.74520351555162
USB-369,2.37193201934871,NA,NA,0,NA,2.37193201934871,2.37193201934871,2.37193201934871
USB-370,3.00833991301761,NA,NA,0,NA,3.00833991301761,3.00833991301761,3.00833991301761
USB-371,3.06671076953743,NA,NA,0,NA,3.06671076953743,3.06671076953743,3.06671076953743
USB-372,2.25249516401024,NA,NA,0,NA,2.25249516401024,2.25249516401024,2.25249516401024
USB-373,2.23801659350941,NA,NA,0,NA,2.23801659350941,2.23801659350941,2.23801659350941
USB-374,2.50563714849734,NA,NA,0,NA,2.50563714849734,2.50563714849734,2.50563714849734
USB-375,2.29691286081621,NA,NA,0,NA,2.29691286081621,2.29691286081621,2.29691286081621
USB-376,1.91929679226993,NA,NA,0,NA,1.91929679226993,1.91929679226993,1.91929679226993
USB-377,2.07165690196675,NA,NA,0,NA,2.07165690196675,2.07165690196675,2.07165690196675
USB-378,1.84490060489096,NA,NA,0,NA,1.84490060489096,1.84490060489096,1.84490060489096
USB-381,2.05852891091981,NA,NA,0,NA,2.05852891091981,2.05852891091981,2.05852891091981
USB-382,1.94831469091054,NA,NA,0,NA,1.94831469091054,1.94831469091054,1.94831469091054
USB-383,1.73865696528783,NA,NA,0,NA,1.73865696528783,1.73865696528783,1.73865696528783
USB-384,1.17733827994967,NA,NA,0,NA,1.17733827994967,1.17733827994967,1.17733827994967
USB-385,1.69424190829604,NA,NA,0,NA,1.69424190829604,1.69424190829604,1.69424190829604
USB-386,2.13739392672084,NA,NA,0,NA,2.13739392672084,2.13739392672084,2.13739392672084
USB-387,2.3494589881851,NA,NA,0,NA,2.3494589881851,2.3494589881851,2.3494589881851
USB-388,1.60866997990647,NA,NA,0,NA,1.60866997990647,1.60866997990647,1.60866997990647
USB-389,2.04313364693855,NA,NA,0,NA,2.04313364693855,2.04313364693855,2.04313364693855
USB-390,1.67847276180819,NA,NA,0,NA,1.67847276180819,1.67847276180819,1.67847276180819
USB-392,2.44494856481666,NA,NA,0,NA,2.44494856481666,2.44494856481666,2.44494856481666
USB-393,1.11590925761649,NA,NA,0,NA,1.11590925761649,1.11590925761649,1.11590925761649
USB-395,2.86853550663903,NA,NA,0,NA,2.86853550663903,2.86853550663903,2.86853550663903
USB-396,2.45558991057521,NA,NA,0,NA,2.45558991057521,2.45558991057521,2.45558991057521
USB-398,2.80549042099987,NA,NA,0,NA,2.80549042099987,2.80549042099987,2.80549042099987
USB-399,2.6566144460752,NA,NA,0,NA,2.6566144460752,2.6566144460752,2.6566144460752
USB-400,2.7017712833581,NA,NA,0,NA,2.7017712833581,2.7017712833581,2.7017712833581
USB-401,2.36350520176685,NA,NA,0,NA,2.36350520176685,2.36350520176685,2.36350520176685
USB-402,2.30313810945089,NA,NA,0,NA,2.30313810945089,2.30313810945089,2.30313810945089
USB-403,1.89422479053333,NA,NA,0,NA,1.89422479053333,1.89422479053333,1.89422479053333
USB-404,2.14700956023058,NA,NA,0,NA,2.14700956023058,2.14700956023058,2.14700956023058
USB-405,1.38346326275527,NA,NA,0,NA,1.38346326275527,1.38346326275527,1.38346326275527
USB-407,2.59987738633191,NA,NA,0,NA,2.59987738633191,2.59987738633191,2.59987738633191
USB-409,2.05319855453675,NA,NA,0,NA,2.05319855453675,2.05319855453675,2.05319855453675
USB-411,2.55673355272482,NA,NA,0,NA,2.55673355272482,2.55673355272482,2.55673355272482
USB-412,2.75918545018021,NA,NA,0,NA,2.75918545018021,2.75918545018021,2.75918545018021
USB-414,2.58897287694825,NA,NA,0,NA,2.58897287694825,2.58897287694825,2.58897287694825
USB-415,2.25179466980852,NA,NA,0,NA,2.25179466980852,2.25179466980852,2.25179466980852
USB-416,1.91614325337851,NA,NA,0,NA,1.91614325337851,1.91614325337851,1.91614325337851
USB-417,1.93588910067672,NA,NA,0,NA,1.93588910067672,1.93588910067672,1.93588910067672
USB-418,2.45151388558775,NA,NA,0,NA,2.45151388558775,2.45151388558775,2.45151388558775
USB-419,2.24579744025841,NA,NA,0,NA,2.24579744025841,2.24579744025841,2.24579744025841
USB-421,2.45642251905073,NA,NA,0,NA,2.45642251905073,2.45642251905073,2.45642251905073
USB-422,2.85305608869435,NA,NA,0,NA,2.85305608869435,2.85305608869435,2.85305608869435
USB-423,2.84760389206017,NA,NA,0,NA,2.84760389206017,2.84760389206017,2.84760389206017
USB-424,2.75465856144415,NA,NA,0,NA,2.75465856144415,2.75465856144415,2.75465856144415
USB-425,2.97902322749403,NA,NA,0,NA,2.97902322749403,2.97902322749403,2.97902322749403
USB-426,2.32718696153584,NA,NA,0,NA,2.32718696153584,2.32718696153584,2.32718696153584
USB-427,2.53246711881279,NA,NA,0,NA,2.53246711881279,2.53246711881279,2.53246711881279
USB-428,2.50320715012544,NA,NA,0,NA,2.50320715012544,2.50320715012544,2.50320715012544
USB-429,2.34773027112386,NA,NA,0,NA,2.34773027112386,2.34773027112386,2.34773027112386
USB-430,2.33911180038919,NA,NA,0,NA,2.33911180038919,2.33911180038919,2.33911180038919
USB-431,2.57956070047502,NA,NA,0,NA,2.57956070047502,2.57956070047502,2.57956070047502
USB-432,2.65871156739023,NA,NA,0,NA,2.65871156739023,2.65871156739023,2.65871156739023
USB-433,2.45218847714494,NA,NA,0,NA,2.45218847714494,2.45218847714494,2.45218847714494
USB-435,2.85382566410767,NA,NA,0,NA,2.85382566410767,2.85382566410767,2.85382566410767
USB-436,2.38411773653564,NA,NA,0,NA,2.38411773653564,2.38411773653564,2.38411773653564
USB-437,2.58827439430061,NA,NA,0,NA,2.58827439430061,2.58827439430061,2.58827439430061
USB-438,2.31116453905425,NA,NA,0,NA,2.31116453905425,2.31116453905425,2.31116453905425
USB-439,2.75880185355254,NA,NA,0,NA,2.75880185355254,2.75880185355254,2.75880185355254
USB-440,2.39634340452428,NA,NA,0,NA,2.39634340452428,2.39634340452428,2.39634340452428
USB-441,2.18189277894318,NA,NA,0,NA,2.18189277894318,2.18189277894318,2.18189277894318
USB-442,2.35764156121539,NA,NA,0,NA,2.35764156121539,2.35764156121539,2.35764156121539
USB-443,2.09755037592633,NA,NA,0,NA,2.09755037592633,2.09755037592633,2.09755037592633
USB-444,2.14894070939366,NA,NA,0,NA,2.14894070939366,2.14894070939366,2.14894070939366
USB-445,1.9999463279941,NA,NA,0,NA,1.9999463279941,1.9999463279941,1.9999463279941
USB-446,2.12855856891884,NA,NA,0,NA,2.12855856891884,2.12855856891884,2.12855856891884
USB-447,2.39253926171609,NA,NA,0,NA,2.39253926171609,2.39253926171609,2.39253926171609
USB-448,2.18732108248539,NA,NA,0,NA,2.18732108248539,2.18732108248539,2.18732108248539
USB-449,2.4308494824679,NA,NA,0,NA,2.4308494824679,2.4308494824679,2.4308494824679
USB-450,2.40584715835737,NA,NA,0,NA,2.40584715835737,2.40584715835737,2.40584715835737
USB-451,2.45722297499979,NA,NA,0,NA,2.45722297499979,2.45722297499979,2.45722297499979
USB-452,2.89087237848779,NA,NA,0,NA,2.89087237848779,2.89087237848779,2.89087237848779
USB-453,2.51571592858498,NA,NA,0,NA,2.51571592858498,2.51571592858498,2.51571592858498
USB-454,2.73839952428061,NA,NA,0,NA,2.73839952428061,2.73839952428061,2.73839952428061
USB-455,2.79142114456969,NA,NA,0,NA,2.79142114456969,2.79142114456969,2.79142114456969
USB-456,1.70903897441629,NA,NA,0,NA,1.70903897441629,1.70903897441629,1.70903897441629
USB-459,2.24848393916432,NA,NA,0,NA,2.24848393916432,2.24848393916432,2.24848393916432
USB-460,2.39334880911561,NA,NA,0,NA,2.39334880911561,2.39334880911561,2.39334880911561
USB-462,2.54896667790796,NA,NA,0,NA,2.54896667790796,2.54896667790796,2.54896667790796
USB-463,2.41651918814818,NA,NA,0,NA,2.41651918814818,2.41651918814818,2.41651918814818
USB-464,2.3393781456752,NA,NA,0,NA,2.3393781456752,2.3393781456752,2.3393781456752
USB-465,2.60711738840636,NA,NA,0,NA,2.60711738840636,2.60711738840636,2.60711738840636
USB-466,2.18389801507056,NA,NA,0,NA,2.18389801507056,2.18389801507056,2.18389801507056
USB-467,2.20828897194274,NA,NA,0,NA,2.20828897194274,2.20828897194274,2.20828897194274
USB-468,2.78117836321672,NA,NA,0,NA,2.78117836321672,2.78117836321672,2.78117836321672
USB-469,2.58437088512338,NA,NA,0,NA,2.58437088512338,2.58437088512338,2.58437088512338
USB-470,2.3316190341579,NA,NA,0,NA,2.3316190341579,2.3316190341579,2.3316190341579
USB-472,2.54991932656272,NA,NA,0,NA,2.54991932656272,2.54991932656272,2.54991932656272
USB-473,2.64771636674122,NA,NA,0,NA,2.64771636674122,2.64771636674122,2.64771636674122
USB-474,2.70127949921885,NA,NA,0,NA,2.70127949921885,2.70127949921885,2.70127949921885
USB-475,2.41074406614158,NA,NA,0,NA,2.41074406614158,2.41074406614158,2.41074406614158
USB-476,2.90693172036861,NA,NA,0,NA,2.90693172036861,2.90693172036861,2.90693172036861
USB-477,2.23634185802499,NA,NA,0,NA,2.23634185802499,2.23634185802499,2.23634185802499
USB-478,2.3871760644541,NA,NA,0,NA,2.3871760644541,2.3871760644541,2.3871760644541
USB-479,2.2688847818256,NA,NA,0,NA,2.2688847818256,2.2688847818256,2.2688847818256
USB-480,2.17352799403353,NA,NA,0,NA,2.17352799403353,2.17352799403353,2.17352799403353
USB-481,2.28109101220322,NA,NA,0,NA,2.28109101220322,2.28109101220322,2.28109101220322
USB-484,1.8617997439308,NA,NA,0,NA,1.8617997439308,1.8617997439308,1.8617997439308
USB-485,1.95376559979607,NA,NA,0,NA,1.95376559979607,1.95376559979607,1.95376559979607
USB-486,2.07207943765365,NA,NA,0,NA,2.07207943765365,2.07207943765365,2.07207943765365
USB-488,2.2895092282313,NA,NA,0,NA,2.2895092282313,2.2895092282313,2.2895092282313
USB-489,1.41696787102842,NA,NA,0,NA,1.41696787102842,1.41696787102842,1.41696787102842
USB-490,1.39315315028607,NA,NA,0,NA,1.39315315028607,1.39315315028607,1.39315315028607
USB-492,2.74986994366323,NA,NA,0,NA,2.74986994366323,2.74986994366323,2.74986994366323
USB-494,1.65714312970073,NA,NA,0,NA,1.65714312970073,1.65714312970073,1.65714312970073
USB-496,1.88559556239895,NA,NA,0,NA,1.88559556239895,1.88559556239895,1.88559556239895
USB-497,2.28782688538527,NA,NA,0,NA,2.28782688538527,2.28782688538527,2.28782688538527
USB-498,1.77581701084112,NA,NA,0,NA,1.77581701084112,1.77581701084112,1.77581701084112
USB-499,1.17406686364142,NA,NA,0,NA,1.17406686364142,1.17406686364142,1.17406686364142
USB-500,1.74250208063309,NA,NA,0,NA,1.74250208063309,1.74250208063309,1.74250208063309
USB-502,2.58286095275403,NA,NA,0,NA,2.58286095275403,2.58286095275403,2.58286095275403
USB-504,2.55895242325979,NA,NA,0,NA,2.55895242325979,2.55895242325979,2.55895242325979
USB-505,1.62363377225096,NA,NA,0,NA,1.62363377225096,1.62363377225096,1.62363377225096
USB-506,2.06933369319577,NA,NA,0,NA,2.06933369319577,2.06933369319577,2.06933369319577
USB-510,2.2691044441708,NA,NA,0,NA,2.2691044441708,2.2691044441708,2.2691044441708
USB-512,2.01596618076406,NA,NA,0,NA,2.01596618076406,2.01596618076406,2.01596618076406
USB-514,2.21983408060765,NA,NA,0,NA,2.21983408060765,2.21983408060765,2.21983408060765
USB-516,1.75628673334793,NA,NA,0,NA,1.75628673334793,1.75628673334793,1.75628673334793
USB-518,2.52966719847695,NA,NA,0,NA,2.52966719847695,2.52966719847695,2.52966719847695
USB-520,1.85395683615963,NA,NA,0,NA,1.85395683615963,1.85395683615963,1.85395683615963
USB-521,2.07629495912813,NA,NA,0,NA,2.07629495912813,2.07629495912813,2.07629495912813
USB-522,1.00755455646303,NA,NA,0,NA,1.00755455646303,1.00755455646303,1.00755455646303
USB-524,1.82101063656538,NA,NA,0,NA,1.82101063656538,1.82101063656538,1.82101063656538
USB-525,2.6771266967547,NA,NA,0,NA,2.6771266967547,2.6771266967547,2.6771266967547
USB-526,1.94265674951499,NA,NA,0,NA,1.94265674951499,1.94265674951499,1.94265674951499
USB-527,1.89952948904086,NA,NA,0,NA,1.89952948904086,1.89952948904086,1.89952948904086
USB-528,2.13617159668197,NA,NA,0,NA,2.13617159668197,2.13617159668197,2.13617159668197
USB-529,2.81376337927194,NA,NA,0,NA,2.81376337927194,2.81376337927194,2.81376337927194
USB-530,1.78124727921367,NA,NA,0,NA,1.78124727921367,1.78124727921367,1.78124727921367
USB-531,1.93035381435506,NA,NA,0,NA,1.93035381435506,1.93035381435506,1.93035381435506
USB-533,1.86489497566052,NA,NA,0,NA,1.86489497566052,1.86489497566052,1.86489497566052
USB-534,2.85763415886868,NA,NA,0,NA,2.85763415886868,2.85763415886868,2.85763415886868
USB-537,2.60922192587412,NA,NA,0,NA,2.60922192587412,2.60922192587412,2.60922192587412
USB-538,1.3398940503685,NA,NA,0,NA,1.3398940503685,1.3398940503685,1.3398940503685
USB-540,2.08545812854417,NA,NA,0,NA,2.08545812854417,2.08545812854417,2.08545812854417
USB-541,2.06412460706862,NA,NA,0,NA,2.06412460706862,2.06412460706862,2.06412460706862
USB-543,1.71820361659249,NA,NA,0,NA,1.71820361659249,1.71820361659249,1.71820361659249
USB-544,2.88990376571925,NA,NA,0,NA,2.88990376571925,2.88990376571925,2.88990376571925
USB-545,3.05847150544278,NA,NA,0,NA,3.05847150544278,3.05847150544278,3.05847150544278
USB-546,2.60581375574759,NA,NA,0,NA,2.60581375574759,2.60581375574759,2.60581375574759
USB-548,2.49055535756212,NA,NA,0,NA,2.49055535756212,2.49055535756212,2.49055535756212
USB-549,2.10665598461312,NA,NA,0,NA,2.10665598461312,2.10665598461312,2.10665598461312
USB-550,2.40377653040308,NA,NA,0,NA,2.40377653040308,2.40377653040308,2.40377653040308
USB-551,2.19698496191316,NA,NA,0,NA,2.19698496191316,2.19698496191316,2.19698496191316
USB-553,1.81668232866208,NA,NA,0,NA,1.81668232866208,1.81668232866208,1.81668232866208
USB-554,2.66230667096404,NA,NA,0,NA,2.66230667096404,2.66230667096404,2.66230667096404
USB-555,2.14950825440492,NA,NA,0,NA,2.14950825440492,2.14950825440492,2.14950825440492
USB-556,2.63950533597212,NA,NA,0,NA,2.63950533597212,2.63950533597212,2.63950533597212
USB-558,2.40443850147055,NA,NA,0,NA,2.40443850147055,2.40443850147055,2.40443850147055
USB-559,2.4856601308354,NA,NA,0,NA,2.4856601308354,2.4856601308354,2.4856601308354
USB-560,1.88116359149542,NA,NA,0,NA,1.88116359149542,1.88116359149542,1.88116359149542
USB-561,1.93586886137059,NA,NA,0,NA,1.93586886137059,1.93586886137059,1.93586886137059
USB-562,2.03526994832465,NA,NA,0,NA,2.03526994832465,2.03526994832465,2.03526994832465
USB-563,2.92005772162573,NA,NA,0,NA,2.92005772162573,2.92005772162573,2.92005772162573
USB-564,1.27977221352566,NA,NA,0,NA,1.27977221352566,1.27977221352566,1.27977221352566
USB-565,2.83082163154628,NA,NA,0,NA,2.83082163154628,2.83082163154628,2.83082163154628
USB-566,2.44820551913806,NA,NA,0,NA,2.44820551913806,2.44820551913806,2.44820551913806
USB-567,2.9472719299833,NA,NA,0,NA,2.9472719299833,2.9472719299833,2.9472719299833
USB-568,2.70173295852785,NA,NA,0,NA,2.70173295852785,2.70173295852785,2.70173295852785
USB-569,2.66956069665215,NA,NA,0,NA,2.66956069665215,2.66956069665215,2.66956069665215
USB-570,2.43577692240785,NA,NA,0,NA,2.43577692240785,2.43577692240785,2.43577692240785
USB-571,2.31282934575244,NA,NA,0,NA,2.31282934575244,2.31282934575244,2.31282934575244
USB-573,2.02804479404228,NA,NA,0,NA,2.02804479404228,2.02804479404228,2.02804479404228
USB-574,2.01352906764884,NA,NA,0,NA,2.01352906764884,2.01352906764884,2.01352906764884
USB-575,2.30055120970963,NA,NA,0,NA,2.30055120970963,2.30055120970963,2.30055120970963
USB-576,2.8612089987329,NA,NA,0,NA,2.8612089987329,2.8612089987329,2.8612089987329
USB-577,2.46434110287465,NA,NA,0,NA,2.46434110287465,2.46434110287465,2.46434110287465
USB-578,2.75999505474551,NA,NA,0,NA,2.75999505474551,2.75999505474551,2.75999505474551
USB-579,2.97436996539656,NA,NA,0,NA,2.97436996539656,2.97436996539656,2.97436996539656
USB-580,2.46692742862265,NA,NA,0,NA,2.46692742862265,2.46692742862265,2.46692742862265
USB-581,2.76911563769765,NA,NA,0,NA,2.76911563769765,2.76911563769765,2.76911563769765
USB-582,2.53474832206598,NA,NA,0,NA,2.53474832206598,2.53474832206598,2.53474832206598
USB-583,2.78946454166093,NA,NA,0,NA,2.78946454166093,2.78946454166093,2.78946454166093
USB-584,2.81343248808432,NA,NA,0,NA,2.81343248808432,2.81343248808432,2.81343248808432
USB-585,1.29209512996854,NA,NA,0,NA,1.29209512996854,1.29209512996854,1.29209512996854
USB-586,2.48516473810042,NA,NA,0,NA,2.48516473810042,2.48516473810042,2.48516473810042
USB-587,2.53428840347693,NA,NA,0,NA,2.53428840347693,2.53428840347693,2.53428840347693
USB-589,2.40852722432636,NA,NA,0,NA,2.40852722432636,2.40852722432636,2.40852722432636
USB-590,2.84278053240006,NA,NA,0,NA,2.84278053240006,2.84278053240006,2.84278053240006
USB-591,2.08679776235983,NA,NA,0,NA,2.08679776235983,2.08679776235983,2.08679776235983
USB-592,1.95637078657128,NA,NA,0,NA,1.95637078657128,1.95637078657128,1.95637078657128
USB-593,2.60787901945878,NA,NA,0,NA,2.60787901945878,2.60787901945878,2.60787901945878
USB-594,1.88285262926393,NA,NA,0,NA,1.88285262926393,1.88285262926393,1.88285262926393
USB-595,2.36390788914728,NA,NA,0,NA,2.36390788914728,2.36390788914728,2.36390788914728
USB-596,0.530981607205765,NA,NA,0,NA,0.530981607205765,0.530981607205765,0.530981607205765
USB-597,2.36438282312791,NA,NA,0,NA,2.36438282312791,2.36438282312791,2.36438282312791
USB-599,2.68177750559336,NA,NA,0,NA,2.68177750559336,2.68177750559336,2.68177750559336
USB-602,1.95719417034473,NA,NA,0,NA,1.95719417034473,1.95719417034473,1.95719417034473
USB-603,2.48605677616249,NA,NA,0,NA,2.48605677616249,2.48605677616249,2.48605677616249
USB-604,2.05933518359303,NA,NA,0,NA,2.05933518359303,2.05933518359303,2.05933518359303
USB-607,2.83221434857704,NA,NA,0,NA,2.83221434857704,2.83221434857704,2.83221434857704
USB-608,2.81744412469274,NA,NA,0,NA,2.81744412469274,2.81744412469274,2.81744412469274
USB-609,2.8749257137539,NA,NA,0,NA,2.8749257137539,2.8749257137539,2.8749257137539
USB-611,2.71572514241706,NA,NA,0,NA,2.71572514241706,2.71572514241706,2.71572514241706
USB-612,2.61706529589996,NA,NA,0,NA,2.61706529589996,2.61706529589996,2.61706529589996
USB-613,2.96454778476081,NA,NA,0,NA,2.96454778476081,2.96454778476081,2.96454778476081
USB-614,1.95628096513142,NA,NA,0,NA,1.95628096513142,1.95628096513142,1.95628096513142
USB-615,2.95009856831073,NA,NA,0,NA,2.95009856831073,2.95009856831073,2.95009856831073
USB-616,2.94150997088395,NA,NA,0,NA,2.94150997088395,2.94150997088395,2.94150997088395
USB-617,2.71436398703514,NA,NA,0,NA,2.71436398703514,2.71436398703514,2.71436398703514
USB-618,2.93540034615199,NA,NA,0,NA,2.93540034615199,2.93540034615199,2.93540034615199
USB-619,3.00642416670571,NA,NA,0,NA,3.00642416670571,3.00642416670571,3.00642416670571
USB-620,2.72590160259357,NA,NA,0,NA,2.72590160259357,2.72590160259357,2.72590160259357
USB-622,-0.818749175779603,NA,NA,0,NA,-0.818749175779603,-0.818749175779603,-0.818749175779603
USB-623,1.97436894060152,NA,NA,0,NA,1.97436894060152,1.97436894060152,1.97436894060152
USB-628,1.88892277138218,NA,NA,0,NA,1.88892277138218,1.88892277138218,1.88892277138218
USB-629,1.78408827626927,NA,NA,0,NA,1.78408827626927,1.78408827626927,1.78408827626927
USB-630,1.8894859300812,NA,NA,0,NA,1.8894859300812,1.8894859300812,1.8894859300812
USB-632,1.84584009414595,NA,NA,0,NA,1.84584009414595,1.84584009414595,1.84584009414595
USB-633,1.93590064863346,NA,NA,0,NA,1.93590064863346,1.93590064863346,1.93590064863346
USB-634,1.83119581613343,NA,NA,0,NA,1.83119581613343,1.83119581613343,1.83119581613343
USB-635,2.6036824955089,NA,NA,0,NA,2.6036824955089,2.6036824955089,2.6036824955089
USB-637,2.96791724932198,NA,NA,0,NA,2.96791724932198,2.96791724932198,2.96791724932198
USB-640,2.81236193162447,NA,NA,0,NA,2.81236193162447,2.81236193162447,2.81236193162447
USB-642,1.91232126635207,NA,NA,0,NA,1.91232126635207,1.91232126635207,1.91232126635207
USB-646,2.89071900109899,NA,NA,0,NA,2.89071900109899,2.89071900109899,2.89071900109899
USB-650,1.88152734682628,NA,NA,0,NA,1.88152734682628,1.88152734682628,1.88152734682628
USB-654,1.70275724020034,NA,NA,0,NA,1.70275724020034,1.70275724020034,1.70275724020034
USB-655,1.67492537081462,NA,NA,0,NA,1.67492537081462,1.67492537081462,1.67492537081462
USB-656,1.87102060267446,NA,NA,0,NA,1.87102060267446,1.87102060267446,1.87102060267446
USB-658,2.80170652656061,NA,NA,0,NA,2.80170652656061,2.80170652656061,2.80170652656061
USB-663,2.5080448677184,NA,NA,0,NA,2.5080448677184,2.5080448677184,2.5080448677184
USB-664,2.16712946979093,NA,NA,0,NA,2.16712946979093,2.16712946979093,2.16712946979093
USB-666,1.66777233142918,NA,NA,0,NA,1.66777233142918,1.66777233142918,1.66777233142918
USB-669,1.71772710625506,NA,NA,0,NA,1.71772710625506,1.71772710625506,1.71772710625506
USB-670,2.01173888794398,NA,NA,0,NA,2.01173888794398,2.01173888794398,2.01173888794398
USB-672,2.22587796125332,NA,NA,0,NA,2.22587796125332,2.22587796125332,2.22587796125332
USB-673,1.91810033958257,NA,NA,0,NA,1.91810033958257,1.91810033958257,1.91810033958257
USB-674,2.15378841028933,NA,NA,0,NA,2.15378841028933,2.15378841028933,2.15378841028933
USB-675,2.14437073857013,NA,NA,0,NA,2.14437073857013,2.14437073857013,2.14437073857013
USB-676,1.82512090900376,NA,NA,0,NA,1.82512090900376,1.82512090900376,1.82512090900376
USB-677,2.00932046938181,NA,NA,0,NA,2.00932046938181,2.00932046938181,2.00932046938181
USB-678,1.72783365704698,NA,NA,0,NA,1.72783365704698,1.72783365704698,1.72783365704698
USB-679,2.52486888951058,NA,NA,0,NA,2.52486888951058,2.52486888951058,2.52486888951058
USB-680,1.95135704168962,NA,NA,0,NA,1.95135704168962,1.95135704168962,1.95135704168962
USB-682,2.49652315145238,NA,NA,0,NA,2.49652315145238,2.49652315145238,2.49652315145238
USB-684,1.97039255683496,NA,NA,0,NA,1.97039255683496,1.97039255683496,1.97039255683496
USB-687,1.95341070176268,NA,NA,0,NA,1.95341070176268,1.95341070176268,1.95341070176268
USB-688,1.94976631023991,NA,NA,0,NA,1.94976631023991,1.94976631023991,1.94976631023991
USB-689,2.23616722124722,NA,NA,0,NA,2.23616722124722,2.23616722124722,2.23616722124722
USB-690,1.8928867758493,NA,NA,0,NA,1.8928867758493,1.8928867758493,1.8928867758493
USB-691,1.92896668943101,NA,NA,0,NA,1.92896668943101,1.92896668943101,1.92896668943101
USB-694,1.93872599112696,NA,NA,0,NA,1.93872599112696,1.93872599112696,1.93872599112696
USB-696,2.09314552499292,NA,NA,0,NA,2.09314552499292,2.09314552499292,2.09314552499292
USB-697,2.13461641205549,NA,NA,0,NA,2.13461641205549,2.13461641205549,2.13461641205549
USB-699,1.98604429855821,NA,NA,0,NA,1.98604429855821,1.98604429855821,1.98604429855821
USB-700,1.99053687288894,NA,NA,0,NA,1.99053687288894,1.99053687288894,1.99053687288894
USB-701,1.75901904231728,NA,NA,0,NA,1.75901904231728,1.75901904231728,1.75901904231728
USB-703,1.85127215536981,NA,NA,0,NA,1.85127215536981,1.85127215536981,1.85127215536981
USB-705,2.72158877198432,NA,NA,0,NA,2.72158877198432,2.72158877198432,2.72158877198432
USB-706,1.43653393631461,NA,NA,0,NA,1.43653393631461,1.43653393631461,1.43653393631461
USB-707,2.75056264291622,NA,NA,0,NA,2.75056264291622,2.75056264291622,2.75056264291622
USB-708,2.39121487117193,NA,NA,0,NA,2.39121487117193,2.39121487117193,2.39121487117193
USB-710,2.10025071487933,NA,NA,0,NA,2.10025071487933,2.10025071487933,2.10025071487933
USB-711,2.93289252905996,NA,NA,0,NA,2.93289252905996,2.93289252905996,2.93289252905996
USB-712,1.80652862846468,NA,NA,0,NA,1.80652862846468,1.80652862846468,1.80652862846468
USB-713,1.88999362626146,NA,NA,0,NA,1.88999362626146,1.88999362626146,1.88999362626146
USB-715,1.88093807115487,NA,NA,0,NA,1.88093807115487,1.88093807115487,1.88093807115487
USB-717,1.67396858612039,NA,NA,0,NA,1.67396858612039,1.67396858612039,1.67396858612039
USB-718,1.60345955971111,NA,NA,0,NA,1.60345955971111,1.60345955971111,1.60345955971111
USB-719,1.8086278147398,NA,NA,0,NA,1.8086278147398,1.8086278147398,1.8086278147398
USB-728,1.70443489231401,NA,NA,0,NA,1.70443489231401,1.70443489231401,1.70443489231401
USB-729,1.99260213259383,NA,NA,0,NA,1.99260213259383,1.99260213259383,1.99260213259383
USB-730,1.83686422919344,NA,NA,0,NA,1.83686422919344,1.83686422919344,1.83686422919344
USB-732,2.80375852314893,NA,NA,0,NA,2.80375852314893,2.80375852314893,2.80375852314893
USB-733,2.22625486717637,NA,NA,0,NA,2.22625486717637,2.22625486717637,2.22625486717637
USB-734,2.28115835177445,NA,NA,0,NA,2.28115835177445,2.28115835177445,2.28115835177445
USB-735,2.85625069125979,NA,NA,0,NA,2.85625069125979,2.85625069125979,2.85625069125979
USB-737,2.20316398580604,NA,NA,0,NA,2.20316398580604,2.20316398580604,2.20316398580604
USB-740,1.95678567795137,NA,NA,0,NA,1.95678567795137,1.95678567795137,1.95678567795137
USB-741,1.77297761456052,NA,NA,0,NA,1.77297761456052,1.77297761456052,1.77297761456052
USB-742,1.8417298299844,NA,NA,0,NA,1.8417298299844,1.8417298299844,1.8417298299844
USB-743,1.83287910874922,NA,NA,0,NA,1.83287910874922,1.83287910874922,1.83287910874922
USB-745,1.85631546261306,NA,NA,0,NA,1.85631546261306,1.85631546261306,1.85631546261306
USB-748,1.30747749408635,NA,NA,0,NA,1.30747749408635,1.30747749408635,1.30747749408635
USB-749,1.50311958871746,NA,NA,0,NA,1.50311958871746,1.50311958871746,1.50311958871746
USB-750,1.5442538146572,NA,NA,0,NA,1.5442538146572,1.5442538146572,1.5442538146572
USB-751,1.7581692007429,NA,NA,0,NA,1.7581692007429,1.7581692007429,1.7581692007429
USB-752,1.74279269614644,NA,NA,0,NA,1.74279269614644,1.74279269614644,1.74279269614644
USB-753,1.62002027952905,NA,NA,0,NA,1.62002027952905,1.62002027952905,1.62002027952905
USB-754,1.63976587435286,NA,NA,0,NA,1.63976587435286,1.63976587435286,1.63976587435286
USB-755,1.70686900163851,NA,NA,0,NA,1.70686900163851,1.70686900163851,1.70686900163851
USB-756,1.52691658567824,NA,NA,0,NA,1.52691658567824,1.52691658567824,1.52691658567824
USB-758,2.01291594877435,NA,NA,0,NA,2.01291594877435,2.01291594877435,2.01291594877435
USB-759,3.04222169339608,NA,NA,0,NA,3.04222169339608,3.04222169339608,3.04222169339608
USB-761,2.82832257674451,NA,NA,0,NA,2.82832257674451,2.82832257674451,2.82832257674451
USB-762,-0.79789253138466,NA,NA,0,NA,-0.79789253138466,-0.79789253138466,-0.79789253138466
USB-763,1.84778300264805,NA,NA,0,NA,1.84778300264805,1.84778300264805,1.84778300264805
USB-765,2.56001903665521,NA,NA,0,NA,2.56001903665521,2.56001903665521,2.56001903665521
USB-768,2.81760319872845,NA,NA,0,NA,2.81760319872845,2.81760319872845,2.81760319872845
USB-769,2.26445115575557,NA,NA,0,NA,2.26445115575557,2.26445115575557,2.26445115575557
USB-771,2.14469682940306,NA,NA,0,NA,2.14469682940306,2.14469682940306,2.14469682940306
USB-772,1.92249688421161,NA,NA,0,NA,1.92249688421161,1.92249688421161,1.92249688421161
USB-773,1.2960924688284,NA,NA,0,NA,1.2960924688284,1.2960924688284,1.2960924688284
USB-776,1.83746598726015,NA,NA,0,NA,1.83746598726015,1.83746598726015,1.83746598726015
USB-777,2.06622182279916,NA,NA,0,NA,2.06622182279916,2.06622182279916,2.06622182279916
USB-778,2.19263859510731,NA,NA,0,NA,2.19263859510731,2.19263859510731,2.19263859510731
USB-779,1.89472531451587,NA,NA,0,NA,1.89472531451587,1.89472531451587,1.89472531451587
USB-780,1.87140846173899,NA,NA,0,NA,1.87140846173899,1.87140846173899,1.87140846173899
USB-781,1.92268986924603,NA,NA,0,NA,1.92268986924603,1.92268986924603,1.92268986924603
USB-782,1.62550196922436,NA,NA,0,NA,1.62550196922436,1.62550196922436,1.62550196922436
USB-783,1.58613439215111,NA,NA,0,NA,1.58613439215111,1.58613439215111,1.58613439215111
USB-784,1.79679076998384,NA,NA,0,NA,1.79679076998384,1.79679076998384,1.79679076998384
USB-786,2.09585978587152,NA,NA,0,NA,2.09585978587152,2.09585978587152,2.09585978587152
USB-787,2.25020201392162,NA,NA,0,NA,2.25020201392162,2.25020201392162,2.25020201392162
USB-788,1.64388072754342,NA,NA,0,NA,1.64388072754342,1.64388072754342,1.64388072754342
USB-792,1.86697009986786,NA,NA,0,NA,1.86697009986786,1.86697009986786,1.86697009986786
USB-793,1.54873645036179,NA,NA,0,NA,1.54873645036179,1.54873645036179,1.54873645036179
USB-794,2.0125766321129,NA,NA,0,NA,2.0125766321129,2.0125766321129,2.0125766321129
USB-795,2.10581205062039,NA,NA,0,NA,2.10581205062039,2.10581205062039,2.10581205062039
USB-798,2.10412630486075,NA,NA,0,NA,2.10412630486075,2.10412630486075,2.10412630486075
USB-799,1.74819099534614,NA,NA,0,NA,1.74819099534614,1.74819099534614,1.74819099534614
USB-800,1.77806080216877,NA,NA,0,NA,1.77806080216877,1.77806080216877,1.77806080216877
USB-801,1.71623307216148,NA,NA,0,NA,1.71623307216148,1.71623307216148,1.71623307216148
USB-802,2.61315674697873,NA,NA,0,NA,2.61315674697873,2.61315674697873,2.61315674697873
USB-803,1.71806242671026,NA,NA,0,NA,1.71806242671026,1.71806242671026,1.71806242671026
USB-805,2.37561581544567,NA,NA,0,NA,2.37561581544567,2.37561581544567,2.37561581544567
USB-806,2.46659394590402,NA,NA,0,NA,2.46659394590402,2.46659394590402,2.46659394590402
USB-807,2.32474765816583,NA,NA,0,NA,2.32474765816583,2.32474765816583,2.32474765816583
USB-812,2.0146406359012,NA,NA,0,NA,2.0146406359012,2.0146406359012,2.0146406359012
USB-814,2.00994519520347,NA,NA,0,NA,2.00994519520347,2.00994519520347,2.00994519520347
USB-818,2.37342983065625,NA,NA,0,NA,2.37342983065625,2.37342983065625,2.37342983065625
USB-819,2.39702456075329,NA,NA,0,NA,2.39702456075329,2.39702456075329,2.39702456075329
USB003,1.37579890314731,NA,NA,0,NA,1.37579890314731,1.37579890314731,1.37579890314731
USB004,1.18692371687451,NA,NA,0,NA,1.18692371687451,1.18692371687451,1.18692371687451
USB005,2.98609616207715,NA,NA,0,NA,2.98609616207715,2.98609616207715,2.98609616207715
USB006,1.83691581496617,NA,NA,0,NA,1.83691581496617,1.83691581496617,1.83691581496617
USB009,1.85357570084702,NA,NA,0,NA,1.85357570084702,1.85357570084702,1.85357570084702
USB010,2.59552947425941,NA,NA,0,NA,2.59552947425941,2.59552947425941,2.59552947425941
USB011,2.27460957548037,NA,NA,0,NA,2.27460957548037,2.27460957548037,2.27460957548037
USB013,2.44482389586472,NA,NA,0,NA,2.44482389586472,2.44482389586472,2.44482389586472
USB017,2.05276173200234,NA,NA,0,NA,2.05276173200234,2.05276173200234,2.05276173200234
USB018,2.94579060362528,NA,NA,0,NA,2.94579060362528,2.94579060362528,2.94579060362528
USB020,1.78466839317735,NA,NA,0,NA,1.78466839317735,1.78466839317735,1.78466839317735
USB022,3.26160887523156,NA,NA,0,NA,3.26160887523156,3.26160887523156,3.26160887523156
USB025,2.51936244530976,NA,NA,0,NA,2.51936244530976,2.51936244530976,2.51936244530976
USB026,2.96817982944298,NA,NA,0,NA,2.96817982944298,2.96817982944298,2.96817982944298
USB028,1.97208958242289,NA,NA,0,NA,1.97208958242289,1.97208958242289,1.97208958242289
USB031,1.51602448564788,NA,NA,0,NA,1.51602448564788,1.51602448564788,1.51602448564788
USB032,3.15591682702558,NA,NA,0,NA,3.15591682702558,3.15591682702558,3.15591682702558
USB033,3.1218147172565,NA,NA,0,NA,3.1218147172565,3.1218147172565,3.1218147172565
USB042,2.28426804657812,NA,NA,0,NA,2.28426804657812,2.28426804657812,2.28426804657812
USB043,0.568076623222977,NA,NA,0,NA,0.568076623222977,0.568076623222977,0.568076623222977
USB045,2.7861198277831,NA,NA,0,NA,2.7861198277831,2.7861198277831,2.7861198277831
USB046,2.36811383778101,NA,NA,0,NA,2.36811383778101,2.36811383778101,2.36811383778101
